{"stats":{"minecraft:killed_by":{"minecraft:skeleton":2},"minecraft:used":{"minecraft:oak_fence":2,"minecraft:tropical_fish":1,"minecraft:stone_pickaxe":345,"minecraft:spruce_planks":1,"minecraft:shield":4,"minecraft:wooden_pickaxe":38,"minecraft:torch":19,"minecraft:golden_apple":1,"minecraft:mossy_cobblestone":2,"minecraft:dirt":9,"minecraft:crafting_table":6,"minecraft:white_bed":3,"minecraft:spruce_log":2,"minecraft:wooden_axe":45,"minecraft:black_wool":1,"minecraft:bread":10,"minecraft:iron_pickaxe":5,"minecraft:gravel":1,"minecraft:stone_axe":113,"minecraft:cobblestone":28,"minecraft:furnace":1,"minecraft:cooked_porkchop":3,"minecraft:cooked_beef":4,"minecraft:cobbled_deepslate":79},"minecraft:broken":{"minecraft:stone_pickaxe":2,"minecraft:wooden_axe":1,"minecraft:wooden_pickaxe":1},"minecraft:mined":{"minecraft:tuff":6,"minecraft:white_bed":2,"minecraft:mossy_cobblestone":2,"minecraft:deepslate_diamond_ore":1,"minecraft:oak_fence":14,"minecraft:brewing_stand":1,"minecraft:clay":3,"minecraft:crafting_table":2,"minecraft:grass_block":3,"minecraft:lapis_ore":2,"minecraft:spruce_leaves":10,"minecraft:oak_planks":25,"minecraft:moss_block":2,"minecraft:wall_torch":1,"minecraft:big_dripleaf":1,"minecraft:spawner":1,"minecraft:spore_blossom":1,"minecraft:iron_ore":39,"minecraft:cobbled_deepslate":8,"minecraft:fire":2,"minecraft:spruce_log":34,"minecraft:andesite":1,"minecraft:deepslate_lapis_ore":3,"minecraft:grass":3,"minecraft:coal_ore":69,"minecraft:deepslate_iron_ore":15,"minecraft:gravel":13,"minecraft:stone":76,"minecraft:oak_leaves":3,"minecraft:deepslate":142,"minecraft:fern":1},"minecraft:dropped":{"minecraft:iron_ingot":1,"minecraft:diamond":1,"minecraft:spore_blossom":2,"minecraft:cobblestone":59,"minecraft:andesite":1,"minecraft:spruce_log":1},"minecraft:custom":{"minecraft:interact_with_furnace":6,"minecraft:mob_kills":27,"minecraft:interact_with_crafting_table":16,"minecraft:interact_with_stonecutter":1,"minecraft:leave_game":5,"minecraft:time_since_death":53116,"minecraft:sleep_in_bed":2,"minecraft:climb_one_cm":1910,"minecraft:time_since_rest":53217,"minecraft:sprint_one_cm":222768,"minecraft:damage_taken":2244,"minecraft:walk_one_cm":354330,"minecraft:damage_blocked_by_shield":140,"minecraft:drop":7,"minecraft:damage_dealt":4687,"minecraft:swim_one_cm":36016,"minecraft:talked_to_villager":4,"minecraft:fly_one_cm":148162,"minecraft:open_chest":16,"minecraft:crouch_one_cm":33521,"minecraft:play_time":107626,"minecraft:deaths":4,"minecraft:sneak_time":10344,"minecraft:walk_under_water_one_cm":23528,"minecraft:jump":1618,"minecraft:interact_with_blast_furnace":1,"minecraft:walk_on_water_one_cm":35699,"minecraft:total_world_time":107626,"minecraft:fall_one_cm":45169},"minecraft:crafted":{"minecraft:crafting_table":5,"minecraft:spruce_planks":40,"minecraft:iron_helmet":1,"minecraft:wooden_pickaxe":1,"minecraft:furnace":1,"minecraft:stone_axe":2,"minecraft:air":0,"minecraft:iron_chestplate":1,"minecraft:iron_boots":1,"minecraft:shield":2,"minecraft:stick":32,"minecraft:iron_pickaxe":1,"minecraft:iron_ingot":15,"minecraft:stone_pickaxe":5,"minecraft:wooden_axe":1,"minecraft:iron_leggings":1,"minecraft:white_bed":1,"minecraft:torch":40},"minecraft:killed":{"minecraft:cave_spider":5,"minecraft:spider":2,"minecraft:sheep":3,"minecraft:skeleton":4,"minecraft:zombie":7,"minecraft:chicken":6},"minecraft:picked_up":{"minecraft:crafting_table":3,"minecraft:feather":14,"minecraft:cooked_beef":4,"minecraft:chicken":12,"minecraft:clay_ball":81,"minecraft:andesite":1,"minecraft:brown_wool":2,"minecraft:wooden_pickaxe":2,"minecraft:potato":10,"minecraft:tuff":6,"minecraft:brewing_stand":2,"minecraft:shield":1,"minecraft:lapis_lazuli":35,"minecraft:dirt":9,"minecraft:string":10,"minecraft:paper":9,"minecraft:moss_carpet":2,"minecraft:armor_stand":2,"minecraft:bone":6,"minecraft:apple":4,"minecraft:wheat_seeds":3,"minecraft:cobbled_deepslate":146,"minecraft:spruce_planks":6,"minecraft:spore_blossom":2,"minecraft:stone_pickaxe":1,"minecraft:azalea":4,"minecraft:iron_pickaxe":1,"minecraft:moss_block":2,"minecraft:oak_planks":25,"minecraft:raw_iron":53,"minecraft:cooked_porkchop":3,"minecraft:big_dripleaf":2,"minecraft:oak_fence":14,"minecraft:torch":3,"minecraft:gravel":13,"minecraft:white_bed":3,"minecraft:spruce_log":55,"minecraft:spider_eye":2,"minecraft:mossy_cobblestone":2,"minecraft:pumpkin_seeds":2,"minecraft:arrow":4,"minecraft:rotten_flesh":17,"minecraft:diamond":3,"minecraft:tropical_fish":1,"minecraft:stone_axe":1,"minecraft:iron_helmet":1,"minecraft:bone_meal":1,"minecraft:bread":6,"minecraft:saddle":1,"minecraft:gold_ingot":3,"minecraft:mutton":8,"minecraft:glow_berries":11,"minecraft:black_wool":2,"minecraft:obsidian":3,"minecraft:coal":114,"minecraft:white_wool":3,"minecraft:cobblestone":124}},"DataVersion":3465}