{"stats":{"minecraft:used":{"minecraft:wooden_axe":43,"minecraft:stone_pickaxe":30,"minecraft:wooden_pickaxe":2,"minecraft:dirt":1,"minecraft:crafting_table":2,"minecraft:cooked_porkchop":2,"minecraft:spruce_log":2},"minecraft:dropped":{"minecraft:andesite":1,"minecraft:spruce_log":1},"minecraft:mined":{"minecraft:fire":2,"minecraft:spruce_log":34,"minecraft:andesite":1,"minecraft:crafting_table":1,"minecraft:grass_block":3,"minecraft:coal_ore":4,"minecraft:spruce_leaves":8,"minecraft:stone":24,"minecraft:oak_leaves":3,"minecraft:fern":1},"minecraft:custom":{"minecraft:time_since_rest":12960,"minecraft:sprint_one_cm":50401,"minecraft:damage_taken":85,"minecraft:walk_one_cm":51806,"minecraft:mob_kills":8,"minecraft:drop":2,"minecraft:damage_dealt":549,"minecraft:interact_with_crafting_table":3,"minecraft:swim_one_cm":257,"minecraft:fly_one_cm":37079,"minecraft:crouch_one_cm":3489,"minecraft:play_time":12960,"minecraft:sneak_time":834,"minecraft:walk_under_water_one_cm":791,"minecraft:jump":287,"minecraft:leave_game":2,"minecraft:time_since_death":12960,"minecraft:walk_on_water_one_cm":4198,"minecraft:total_world_time":12960,"minecraft:fall_one_cm":7147},"minecraft:crafted":{"minecraft:crafting_table":1,"minecraft:stick":8,"minecraft:spruce_planks":32,"minecraft:wooden_pickaxe":1,"minecraft:stone_pickaxe":1,"minecraft:wooden_axe":1},"minecraft:picked_up":{"minecraft:crafting_table":1,"minecraft:feather":4,"minecraft:chicken":5,"minecraft:cooked_porkchop":3,"minecraft:andesite":1,"minecraft:spruce_log":34,"minecraft:dirt":3,"minecraft:rotten_flesh":1,"minecraft:mutton":4,"minecraft:coal":4,"minecraft:white_wool":3,"minecraft:cobblestone":58},"minecraft:killed":{"minecraft:sheep":3,"minecraft:chicken":5}},"DataVersion":3465}