{"stats":{"minecraft:used":{"minecraft:stone_pickaxe":138,"minecraft:spruce_planks":1,"minecraft:wooden_pickaxe":2,"minecraft:torch":12,"minecraft:mossy_cobblestone":2,"minecraft:dirt":9,"minecraft:crafting_table":4,"minecraft:white_bed":2,"minecraft:spruce_log":2,"minecraft:wooden_axe":45,"minecraft:bread":4,"minecraft:iron_pickaxe":2,"minecraft:gravel":1,"minecraft:stone_axe":5,"minecraft:cobblestone":6,"minecraft:cooked_porkchop":3},"minecraft:broken":{"minecraft:stone_pickaxe":1,"minecraft:wooden_axe":1},"minecraft:mined":{"minecraft:white_bed":2,"minecraft:mossy_cobblestone":2,"minecraft:brewing_stand":1,"minecraft:clay":2,"minecraft:crafting_table":2,"minecraft:grass_block":3,"minecraft:spruce_leaves":10,"minecraft:iron_ore":8,"minecraft:fire":2,"minecraft:spruce_log":34,"minecraft:andesite":1,"minecraft:coal_ore":54,"minecraft:gravel":1,"minecraft:stone":59,"minecraft:oak_leaves":3,"minecraft:fern":1},"minecraft:dropped":{"minecraft:iron_ingot":1,"minecraft:cobblestone":59,"minecraft:andesite":1,"minecraft:spruce_log":1},"minecraft:custom":{"minecraft:mob_kills":11,"minecraft:interact_with_crafting_table":8,"minecraft:interact_with_stonecutter":1,"minecraft:leave_game":2,"minecraft:time_since_death":6612,"minecraft:sleep_in_bed":1,"minecraft:climb_one_cm":1121,"minecraft:time_since_rest":6714,"minecraft:sprint_one_cm":129249,"minecraft:damage_taken":551,"minecraft:walk_one_cm":139332,"minecraft:drop":4,"minecraft:damage_dealt":1109,"minecraft:swim_one_cm":2910,"minecraft:talked_to_villager":4,"minecraft:fly_one_cm":90806,"minecraft:open_chest":6,"minecraft:crouch_one_cm":13028,"minecraft:play_time":36960,"minecraft:deaths":1,"minecraft:sneak_time":3598,"minecraft:walk_under_water_one_cm":3727,"minecraft:jump":725,"minecraft:interact_with_blast_furnace":1,"minecraft:walk_on_water_one_cm":13516,"minecraft:total_world_time":36960,"minecraft:fall_one_cm":18399},"minecraft:crafted":{"minecraft:crafting_table":3,"minecraft:spruce_planks":40,"minecraft:wooden_pickaxe":1,"minecraft:stone_axe":1,"minecraft:shield":1,"minecraft:stick":20,"minecraft:stone_pickaxe":2,"minecraft:wooden_axe":1,"minecraft:white_bed":1,"minecraft:torch":40},"minecraft:killed":{"minecraft:sheep":3,"minecraft:zombie":2,"minecraft:chicken":6},"minecraft:picked_up":{"minecraft:crafting_table":3,"minecraft:feather":14,"minecraft:chicken":12,"minecraft:clay_ball":16,"minecraft:andesite":1,"minecraft:brown_wool":2,"minecraft:wooden_pickaxe":1,"minecraft:potato":10,"minecraft:brewing_stand":2,"minecraft:shield":1,"minecraft:dirt":9,"minecraft:string":4,"minecraft:paper":9,"minecraft:armor_stand":2,"minecraft:apple":4,"minecraft:wheat_seeds":2,"minecraft:spruce_planks":6,"minecraft:stone_pickaxe":1,"minecraft:azalea":4,"minecraft:iron_pickaxe":1,"minecraft:raw_iron":8,"minecraft:cooked_porkchop":3,"minecraft:torch":1,"minecraft:gravel":1,"minecraft:white_bed":3,"minecraft:spruce_log":55,"minecraft:mossy_cobblestone":2,"minecraft:pumpkin_seeds":2,"minecraft:rotten_flesh":6,"minecraft:stone_axe":1,"minecraft:iron_helmet":1,"minecraft:gold_ingot":3,"minecraft:saddle":1,"minecraft:bread":6,"minecraft:glow_berries":3,"minecraft:obsidian":3,"minecraft:black_wool":2,"minecraft:mutton":8,"minecraft:coal":99,"minecraft:white_wool":3,"minecraft:cobblestone":107}},"DataVersion":3465}