{"stats":{"minecraft:broken":{"minecraft:wooden_axe":1},"minecraft:used":{"minecraft:wooden_axe":45,"minecraft:bread":3,"minecraft:stone_pickaxe":102,"minecraft:iron_pickaxe":2,"minecraft:wooden_pickaxe":2,"minecraft:torch":5,"minecraft:dirt":1,"minecraft:cobblestone":1,"minecraft:crafting_table":3,"minecraft:cooked_porkchop":3,"minecraft:white_bed":2,"minecraft:spruce_log":2},"minecraft:mined":{"minecraft:white_bed":2,"minecraft:mossy_cobblestone":2,"minecraft:fire":2,"minecraft:spruce_log":34,"minecraft:andesite":1,"minecraft:brewing_stand":1,"minecraft:crafting_table":1,"minecraft:grass_block":3,"minecraft:coal_ore":35,"minecraft:gravel":1,"minecraft:spruce_leaves":8,"minecraft:stone":52,"minecraft:oak_leaves":3,"minecraft:fern":1},"minecraft:dropped":{"minecraft:iron_ingot":1,"minecraft:andesite":1,"minecraft:cobblestone":59,"minecraft:spruce_log":1},"minecraft:custom":{"minecraft:time_since_rest":9315,"minecraft:sprint_one_cm":87817,"minecraft:damage_taken":253,"minecraft:walk_one_cm":104592,"minecraft:mob_kills":10,"minecraft:drop":4,"minecraft:damage_dealt":772,"minecraft:talked_to_villager":4,"minecraft:interact_with_crafting_table":5,"minecraft:swim_one_cm":257,"minecraft:fly_one_cm":74157,"minecraft:open_chest":6,"minecraft:crouch_one_cm":5533,"minecraft:play_time":24960,"minecraft:sneak_time":1585,"minecraft:walk_under_water_one_cm":1537,"minecraft:jump":517,"minecraft:interact_with_stonecutter":1,"minecraft:interact_with_blast_furnace":1,"minecraft:leave_game":2,"minecraft:time_since_death":24960,"minecraft:walk_on_water_one_cm":6016,"minecraft:sleep_in_bed":1,"minecraft:climb_one_cm":1121,"minecraft:total_world_time":24960,"minecraft:fall_one_cm":12415},"minecraft:crafted":{"minecraft:shield":1,"minecraft:crafting_table":2,"minecraft:stick":8,"minecraft:spruce_planks":32,"minecraft:wooden_pickaxe":1,"minecraft:stone_pickaxe":1,"minecraft:wooden_axe":1,"minecraft:white_bed":1,"minecraft:torch":8},"minecraft:picked_up":{"minecraft:crafting_table":1,"minecraft:feather":7,"minecraft:chicken":6,"minecraft:cooked_porkchop":3,"minecraft:clay_ball":4,"minecraft:andesite":1,"minecraft:brown_wool":1,"minecraft:gravel":1,"minecraft:brewing_stand":1,"minecraft:white_bed":2,"minecraft:spruce_log":34,"minecraft:string":2,"minecraft:mossy_cobblestone":2,"minecraft:dirt":3,"minecraft:armor_stand":1,"minecraft:rotten_flesh":3,"minecraft:wheat_seeds":1,"minecraft:black_wool":1,"minecraft:mutton":4,"minecraft:coal":35,"minecraft:white_wool":3,"minecraft:cobblestone":86},"minecraft:killed":{"minecraft:sheep":3,"minecraft:zombie":1,"minecraft:chicken":6}},"DataVersion":3465}