{"stats":{"minecraft:killed_by":{"minecraft:skeleton":2},"minecraft:picked_up":{"minecraft:charcoal":4,"minecraft:crafting_table":7,"minecraft:iron_chestplate":1,"minecraft:allium":7,"minecraft:wheat":19,"minecraft:smithing_table":1,"minecraft:chicken":13,"minecraft:ladder":2,"minecraft:clay_ball":455,"minecraft:wooden_pickaxe":2,"minecraft:oak_stairs":46,"minecraft:diamond_horse_armor":3,"minecraft:brewing_stand":4,"minecraft:shield":2,"minecraft:string":33,"minecraft:moss_carpet":2,"minecraft:iron_leggings":1,"minecraft:armor_stand":2,"minecraft:cobbled_deepslate":249,"minecraft:detector_rail":8,"minecraft:spruce_planks":1014,"minecraft:beef":6,"minecraft:azalea":6,"minecraft:iron_nugget":4,"minecraft:iron_pickaxe":2,"minecraft:lectern":13,"minecraft:chest":1,"minecraft:birch_sapling":6,"minecraft:iron_boots":1,"minecraft:furnace":10,"minecraft:golden_helmet":1,"minecraft:stick":53,"minecraft:raw_iron":136,"minecraft:oak_door":4,"minecraft:oak_fence":15,"minecraft:big_dripleaf":2,"minecraft:torch":48,"minecraft:spruce_fence":6,"minecraft:porkchop":8,"minecraft:diorite":18,"minecraft:carrot":375,"minecraft:redstone":49,"minecraft:arrow":42,"minecraft:rotten_flesh":110,"minecraft:tropical_fish":2,"minecraft:saddle":2,"minecraft:gold_ingot":11,"minecraft:mutton":14,"minecraft:glow_berries":11,"minecraft:obsidian":3,"minecraft:rail":17,"minecraft:white_wool":9,"minecraft:cobblestone":412,"minecraft:birch_log":31,"minecraft:feather":14,"minecraft:cooked_beef":17,"minecraft:glow_ink_sac":2,"minecraft:andesite":2,"minecraft:leather":2,"minecraft:black_bed":1,"minecraft:brown_wool":2,"minecraft:potato":41,"minecraft:tuff":33,"minecraft:oak_log":562,"minecraft:gunpowder":28,"minecraft:lapis_lazuli":166,"minecraft:paper":9,"minecraft:dirt":1267,"minecraft:glass":27,"minecraft:bone":43,"minecraft:apple":32,"minecraft:bow":2,"minecraft:wheat_seeds":113,"minecraft:raw_gold":8,"minecraft:spore_blossom":2,"minecraft:iron_ingot":1,"minecraft:stone_pickaxe":2,"minecraft:fletching_table":1,"minecraft:moss_block":2,"minecraft:oak_planks":268,"minecraft:book":12,"minecraft:cooked_porkchop":5,"minecraft:axolotl_bucket":3,"minecraft:gravel":26,"minecraft:sand":100,"minecraft:spruce_sapling":30,"minecraft:spruce_log":115,"minecraft:white_bed":14,"minecraft:grass_block":2,"minecraft:spider_eye":4,"minecraft:mossy_cobblestone":2,"minecraft:music_disc_mall":1,"minecraft:pumpkin_seeds":2,"minecraft:diamond":3,"minecraft:stone_axe":2,"minecraft:iron_helmet":1,"minecraft:granite":2,"minecraft:bone_meal":2,"minecraft:golden_apple":2,"minecraft:bread":6,"minecraft:emerald":2,"minecraft:oak_sapling":84,"minecraft:melon_seeds":2,"minecraft:black_wool":2,"minecraft:coal":357},"minecraft:custom":{"minecraft:mob_kills":115,"minecraft:animals_bred":8,"minecraft:interact_with_crafting_table":75,"minecraft:leave_game":11,"minecraft:time_since_death":311237,"minecraft:climb_one_cm":5367,"minecraft:sprint_one_cm":1271725,"minecraft:walk_one_cm":1631531,"minecraft:damage_blocked_by_shield":710,"minecraft:drop":60,"minecraft:talked_to_villager":48,"minecraft:play_time":436457,"minecraft:deaths":5,"minecraft:sneak_time":23172,"minecraft:walk_under_water_one_cm":36058,"minecraft:jump":7515,"minecraft:interact_with_blast_furnace":1,"minecraft:walk_on_water_one_cm":62366,"minecraft:total_world_time":436457,"minecraft:interact_with_furnace":73,"minecraft:traded_with_villager":81,"minecraft:interact_with_stonecutter":1,"minecraft:sleep_in_bed":19,"minecraft:time_since_rest":7924,"minecraft:damage_taken":4609,"minecraft:damage_dealt":20398,"minecraft:swim_one_cm":88862,"minecraft:fly_one_cm":1289036,"minecraft:open_chest":264,"minecraft:crouch_one_cm":76326,"minecraft:fall_one_cm":213351},"minecraft:mined":{"minecraft:tuff":25,"minecraft:white_bed":11,"minecraft:oak_sapling":5,"minecraft:mossy_cobblestone":2,"minecraft:deepslate_diamond_ore":1,"minecraft:oak_door":3,"minecraft:brewing_stand":3,"minecraft:ladder":2,"minecraft:stone_brick_wall":2,"minecraft:grass_block":776,"minecraft:spruce_fence":5,"minecraft:spruce_leaves":19,"minecraft:moss_block":2,"minecraft:spawner":1,"minecraft:chiseled_stone_bricks":1,"minecraft:spore_blossom":1,"minecraft:redstone_ore":4,"minecraft:spruce_sapling":24,"minecraft:furnace":10,"minecraft:carrots":108,"minecraft:fire":2,"minecraft:iron_ore":116,"minecraft:cobbled_deepslate":16,"minecraft:andesite":2,"minecraft:deepslate_lapis_ore":8,"minecraft:fletching_table":1,"minecraft:bookshelf":4,"minecraft:potatoes":10,"minecraft:deepslate_iron_ore":18,"minecraft:rail":1,"minecraft:oak_stairs":47,"minecraft:stone":344,"minecraft:smithing_table":1,"minecraft:podzol":1,"minecraft:deepslate_redstone_ore":5,"minecraft:oak_fence":15,"minecraft:clay":15,"minecraft:crafting_table":8,"minecraft:torch":7,"minecraft:emerald_ore":1,"minecraft:chest":2,"minecraft:lectern":13,"minecraft:cobblestone":8,"minecraft:tall_grass":26,"minecraft:glass":29,"minecraft:lapis_ore":11,"minecraft:oak_planks":270,"minecraft:diorite":9,"minecraft:wall_torch":10,"minecraft:big_dripleaf":1,"minecraft:birch_log":31,"minecraft:wheat":31,"minecraft:spruce_log":94,"minecraft:birch_leaves":34,"minecraft:black_bed":1,"minecraft:stone_brick_stairs":1,"minecraft:grass":111,"minecraft:coal_ore":236,"minecraft:oak_log":569,"minecraft:gravel":14,"minecraft:sand":100,"minecraft:dirt":415,"minecraft:gold_ore":8,"minecraft:oak_leaves":140,"minecraft:infested_stone":2,"minecraft:deepslate":183,"minecraft:fern":1},"minecraft:broken":{"minecraft:iron_shovel":4,"minecraft:stone_hoe":1,"minecraft:wooden_pickaxe":1,"minecraft:stone_pickaxe":5,"minecraft:iron_axe":2,"minecraft:stone_axe":8,"minecraft:iron_pickaxe":1,"minecraft:wooden_axe":1,"minecraft:wooden_hoe":3,"minecraft:stone_shovel":1},"minecraft:used":{"minecraft:oak_fence":3,"minecraft:iron_shovel":1018,"minecraft:tropical_fish":1,"minecraft:stone_shovel":234,"minecraft:chest":3,"minecraft:spruce_planks":5,"minecraft:shield":25,"minecraft:stone_hoe":106,"minecraft:cooked_chicken":5,"minecraft:rotten_flesh":6,"minecraft:oak_door":3,"minecraft:torch":184,"minecraft:brewing_stand":2,"minecraft:dirt":734,"minecraft:carrot":247,"minecraft:tuff":17,"minecraft:spruce_fence":6,"minecraft:glass":15,"minecraft:wooden_axe":63,"minecraft:oak_stairs":194,"minecraft:iron_axe":456,"minecraft:bow":17,"minecraft:oak_sapling":48,"minecraft:furnace":11,"minecraft:cooked_beef":34,"minecraft:potato":21,"minecraft:cobbled_deepslate":174,"minecraft:wheat_seeds":85,"minecraft:cooked_mutton":5,"minecraft:water_bucket":6,"minecraft:stone_pickaxe":806,"minecraft:oak_planks":379,"minecraft:baked_potato":2,"minecraft:wooden_pickaxe":38,"minecraft:fletching_table":2,"minecraft:golden_apple":1,"minecraft:mossy_cobblestone":2,"minecraft:crafting_table":15,"minecraft:white_bed":13,"minecraft:black_bed":1,"minecraft:spruce_log":2,"minecraft:oak_log":60,"minecraft:wooden_hoe":225,"minecraft:black_wool":1,"minecraft:bread":18,"minecraft:iron_pickaxe":236,"minecraft:lectern":13,"minecraft:spruce_sapling":29,"minecraft:gravel":1,"minecraft:stone_axe":1029,"minecraft:cobblestone":152,"minecraft:cooked_porkchop":6,"minecraft:smithing_table":2,"minecraft:bucket":6,"minecraft:bone_meal":96},"minecraft:dropped":{"minecraft:iron_ingot":2,"minecraft:moss_block":2,"minecraft:cooked_beef":7,"minecraft:wheat_seeds":24,"minecraft:diamond":1,"minecraft:spore_blossom":2,"minecraft:iron_helmet":1,"minecraft:cobblestone":68,"minecraft:leather":1,"minecraft:tropical_fish":1,"minecraft:grass_block":1,"minecraft:stick":3,"minecraft:diorite":9,"minecraft:torch":9,"minecraft:iron_leggings":1,"minecraft:bone_meal":1,"minecraft:bone":8,"minecraft:gravel":12,"minecraft:moss_carpet":1,"minecraft:iron_nugget":4,"minecraft:detector_rail":8,"minecraft:cobbled_deepslate":27,"minecraft:tuff":8,"minecraft:stone_shovel":1,"minecraft:rotten_flesh":18,"minecraft:clay_ball":64,"minecraft:oak_planks":19,"minecraft:big_dripleaf":2,"minecraft:spruce_planks":112,"minecraft:azalea":1,"minecraft:iron_chestplate":1,"minecraft:charcoal":2,"minecraft:andesite":1,"minecraft:spider_eye":2,"minecraft:spruce_log":1,"minecraft:bow":9,"minecraft:arrow":10},"minecraft:crafted":{"minecraft:oak_planks":1316,"minecraft:stone_shovel":2,"minecraft:cooked_chicken":1,"minecraft:furnace":2,"minecraft:bone_meal":96,"minecraft:bookshelf":1,"minecraft:cooked_mutton":5,"minecraft:glass":29,"minecraft:bow":10,"minecraft:iron_boots":1,"minecraft:iron_axe":3,"minecraft:stone_pickaxe":7,"minecraft:chest":2,"minecraft:cooked_beef":8,"minecraft:arrow":144,"minecraft:emerald":62,"minecraft:cooked_porkchop":1,"minecraft:crafting_table":9,"minecraft:spruce_planks":52,"minecraft:baked_potato":6,"minecraft:iron_helmet":2,"minecraft:wooden_pickaxe":1,"minecraft:smithing_table":2,"minecraft:fletching_table":1,"minecraft:stone_axe":11,"minecraft:bread":4,"minecraft:air":0,"minecraft:wooden_hoe":4,"minecraft:iron_chestplate":2,"minecraft:shield":2,"minecraft:stick":1999,"minecraft:iron_pickaxe":2,"minecraft:iron_ingot":100,"minecraft:oak_stairs":148,"minecraft:wooden_axe":2,"minecraft:gold_ingot":4,"minecraft:iron_shovel":7,"minecraft:iron_leggings":2,"minecraft:white_bed":3,"minecraft:torch":168},"minecraft:killed":{"minecraft:cave_spider":5,"minecraft:witch":1,"minecraft:spider":6,"minecraft:skeleton":21,"minecraft:chicken":7,"minecraft:silverfish":3,"minecraft:pig":4,"minecraft:creeper":12,"minecraft:sheep":7,"minecraft:zombie":43,"minecraft:enderman":2,"minecraft:cow":3}},"DataVersion":3465}