{"stats":{"minecraft:killed_by":{"minecraft:skeleton":2},"minecraft:picked_up":{"minecraft:charcoal":4,"minecraft:crafting_table":7,"minecraft:iron_chestplate":1,"minecraft:allium":5,"minecraft:wheat":1,"minecraft:ladder":2,"minecraft:chicken":13,"minecraft:clay_ball":455,"minecraft:wooden_pickaxe":2,"minecraft:oak_stairs":46,"minecraft:diamond_horse_armor":3,"minecraft:brewing_stand":4,"minecraft:shield":2,"minecraft:string":32,"minecraft:moss_carpet":2,"minecraft:armor_stand":2,"minecraft:iron_leggings":1,"minecraft:cobbled_deepslate":249,"minecraft:detector_rail":8,"minecraft:spruce_planks":6,"minecraft:beef":6,"minecraft:azalea":6,"minecraft:iron_nugget":4,"minecraft:iron_pickaxe":2,"minecraft:chest":1,"minecraft:furnace":10,"minecraft:iron_boots":1,"minecraft:golden_helmet":1,"minecraft:stick":12,"minecraft:raw_iron":136,"minecraft:oak_door":1,"minecraft:oak_fence":15,"minecraft:big_dripleaf":2,"minecraft:torch":39,"minecraft:spruce_fence":6,"minecraft:porkchop":8,"minecraft:diorite":18,"minecraft:carrot":7,"minecraft:redstone":49,"minecraft:arrow":34,"minecraft:rotten_flesh":106,"minecraft:tropical_fish":2,"minecraft:saddle":2,"minecraft:gold_ingot":11,"minecraft:obsidian":3,"minecraft:glow_berries":11,"minecraft:mutton":13,"minecraft:rail":17,"minecraft:white_wool":8,"minecraft:cobblestone":286,"minecraft:feather":14,"minecraft:cooked_beef":17,"minecraft:glow_ink_sac":2,"minecraft:andesite":2,"minecraft:leather":2,"minecraft:black_bed":1,"minecraft:brown_wool":2,"minecraft:potato":25,"minecraft:tuff":33,"minecraft:oak_log":228,"minecraft:gunpowder":28,"minecraft:lapis_lazuli":166,"minecraft:dirt":295,"minecraft:paper":9,"minecraft:glass":27,"minecraft:bone":38,"minecraft:apple":21,"minecraft:bow":2,"minecraft:wheat_seeds":34,"minecraft:raw_gold":8,"minecraft:stone_pickaxe":2,"minecraft:spore_blossom":2,"minecraft:iron_ingot":1,"minecraft:fletching_table":1,"minecraft:moss_block":2,"minecraft:oak_planks":239,"minecraft:cooked_porkchop":5,"minecraft:axolotl_bucket":3,"minecraft:gravel":26,"minecraft:sand":100,"minecraft:grass_block":2,"minecraft:white_bed":10,"minecraft:spruce_log":58,"minecraft:spider_eye":4,"minecraft:mossy_cobblestone":2,"minecraft:pumpkin_seeds":2,"minecraft:diamond":3,"minecraft:stone_axe":2,"minecraft:iron_helmet":1,"minecraft:granite":2,"minecraft:bone_meal":2,"minecraft:golden_apple":2,"minecraft:bread":6,"minecraft:emerald":2,"minecraft:oak_sapling":28,"minecraft:black_wool":2,"minecraft:melon_seeds":2,"minecraft:coal":349},"minecraft:custom":{"minecraft:mob_kills":104,"minecraft:animals_bred":2,"minecraft:interact_with_crafting_table":59,"minecraft:leave_game":8,"minecraft:time_since_death":191894,"minecraft:climb_one_cm":5367,"minecraft:sprint_one_cm":916135,"minecraft:walk_one_cm":1100293,"minecraft:damage_blocked_by_shield":685,"minecraft:drop":45,"minecraft:talked_to_villager":18,"minecraft:play_time":317114,"minecraft:deaths":5,"minecraft:sneak_time":20076,"minecraft:walk_under_water_one_cm":35935,"minecraft:jump":5889,"minecraft:interact_with_blast_furnace":1,"minecraft:walk_on_water_one_cm":62281,"minecraft:total_world_time":317114,"minecraft:interact_with_furnace":65,"minecraft:traded_with_villager":16,"minecraft:interact_with_stonecutter":1,"minecraft:sleep_in_bed":12,"minecraft:time_since_rest":20548,"minecraft:damage_taken":4231,"minecraft:damage_dealt":18626,"minecraft:swim_one_cm":87395,"minecraft:fly_one_cm":960227,"minecraft:open_chest":89,"minecraft:crouch_one_cm":64726,"minecraft:fall_one_cm":170636},"minecraft:mined":{"minecraft:tuff":25,"minecraft:oak_sapling":1,"minecraft:white_bed":8,"minecraft:mossy_cobblestone":2,"minecraft:deepslate_diamond_ore":1,"minecraft:oak_door":1,"minecraft:brewing_stand":3,"minecraft:ladder":2,"minecraft:spruce_fence":5,"minecraft:grass_block":134,"minecraft:stone_brick_wall":2,"minecraft:spruce_leaves":10,"minecraft:moss_block":2,"minecraft:chiseled_stone_bricks":1,"minecraft:spawner":1,"minecraft:spore_blossom":1,"minecraft:redstone_ore":4,"minecraft:furnace":10,"minecraft:carrots":7,"minecraft:iron_ore":116,"minecraft:fire":2,"minecraft:cobbled_deepslate":16,"minecraft:andesite":2,"minecraft:fletching_table":1,"minecraft:deepslate_lapis_ore":8,"minecraft:potatoes":4,"minecraft:deepslate_iron_ore":18,"minecraft:rail":1,"minecraft:oak_stairs":47,"minecraft:stone":216,"minecraft:deepslate_redstone_ore":5,"minecraft:torch":2,"minecraft:oak_fence":15,"minecraft:clay":15,"minecraft:crafting_table":8,"minecraft:emerald_ore":1,"minecraft:chest":2,"minecraft:cobblestone":8,"minecraft:glass":28,"minecraft:tall_grass":13,"minecraft:lapis_ore":11,"minecraft:oak_planks":241,"minecraft:diorite":9,"minecraft:wall_torch":7,"minecraft:big_dripleaf":1,"minecraft:wheat":7,"minecraft:spruce_log":37,"minecraft:black_bed":1,"minecraft:stone_brick_stairs":1,"minecraft:grass":35,"minecraft:coal_ore":228,"minecraft:oak_log":229,"minecraft:gravel":14,"minecraft:sand":100,"minecraft:dirt":40,"minecraft:gold_ore":8,"minecraft:oak_leaves":104,"minecraft:infested_stone":2,"minecraft:deepslate":183,"minecraft:fern":1},"minecraft:broken":{"minecraft:wooden_pickaxe":1,"minecraft:stone_pickaxe":5,"minecraft:iron_axe":1,"minecraft:stone_axe":6,"minecraft:wooden_axe":1,"minecraft:stone_shovel":1},"minecraft:used":{"minecraft:oak_fence":3,"minecraft:tropical_fish":1,"minecraft:stone_shovel":234,"minecraft:chest":2,"minecraft:spruce_planks":5,"minecraft:shield":24,"minecraft:cooked_chicken":5,"minecraft:rotten_flesh":6,"minecraft:torch":148,"minecraft:brewing_stand":2,"minecraft:dirt":277,"minecraft:tuff":17,"minecraft:spruce_fence":6,"minecraft:glass":15,"minecraft:wooden_axe":63,"minecraft:iron_axe":206,"minecraft:oak_stairs":194,"minecraft:bow":17,"minecraft:furnace":11,"minecraft:oak_sapling":28,"minecraft:cooked_beef":23,"minecraft:cobbled_deepslate":174,"minecraft:wheat_seeds":1,"minecraft:cooked_mutton":5,"minecraft:stone_pickaxe":780,"minecraft:oak_planks":348,"minecraft:wooden_pickaxe":38,"minecraft:fletching_table":2,"minecraft:golden_apple":1,"minecraft:mossy_cobblestone":2,"minecraft:crafting_table":14,"minecraft:white_bed":10,"minecraft:black_bed":1,"minecraft:spruce_log":2,"minecraft:oak_log":60,"minecraft:black_wool":1,"minecraft:bread":18,"minecraft:iron_pickaxe":120,"minecraft:gravel":1,"minecraft:stone_axe":710,"minecraft:cobblestone":148,"minecraft:cooked_porkchop":6,"minecraft:bone_meal":21},"minecraft:dropped":{"minecraft:iron_ingot":2,"minecraft:moss_block":2,"minecraft:cooked_beef":7,"minecraft:wheat_seeds":2,"minecraft:diamond":1,"minecraft:spore_blossom":2,"minecraft:iron_helmet":1,"minecraft:cobblestone":68,"minecraft:tropical_fish":1,"minecraft:grass_block":1,"minecraft:stick":3,"minecraft:diorite":9,"minecraft:torch":9,"minecraft:iron_leggings":1,"minecraft:bone_meal":1,"minecraft:bone":7,"minecraft:gravel":12,"minecraft:moss_carpet":1,"minecraft:iron_nugget":4,"minecraft:detector_rail":8,"minecraft:cobbled_deepslate":27,"minecraft:tuff":8,"minecraft:stone_shovel":1,"minecraft:rotten_flesh":18,"minecraft:clay_ball":64,"minecraft:oak_planks":19,"minecraft:big_dripleaf":2,"minecraft:iron_chestplate":1,"minecraft:charcoal":2,"minecraft:andesite":1,"minecraft:azalea":1,"minecraft:spider_eye":2,"minecraft:spruce_log":1,"minecraft:arrow":6},"minecraft:crafted":{"minecraft:oak_planks":672,"minecraft:stone_shovel":2,"minecraft:cooked_chicken":1,"minecraft:furnace":2,"minecraft:bone_meal":21,"minecraft:cooked_mutton":5,"minecraft:glass":29,"minecraft:bow":1,"minecraft:iron_boots":1,"minecraft:iron_axe":1,"minecraft:stone_pickaxe":7,"minecraft:chest":1,"minecraft:cooked_beef":4,"minecraft:emerald":16,"minecraft:cooked_porkchop":1,"minecraft:crafting_table":8,"minecraft:spruce_planks":52,"minecraft:wooden_pickaxe":1,"minecraft:iron_helmet":2,"minecraft:fletching_table":1,"minecraft:stone_axe":8,"minecraft:air":0,"minecraft:iron_chestplate":2,"minecraft:shield":2,"minecraft:stick":624,"minecraft:iron_pickaxe":2,"minecraft:iron_ingot":100,"minecraft:oak_stairs":148,"minecraft:wooden_axe":2,"minecraft:gold_ingot":4,"minecraft:iron_leggings":2,"minecraft:white_bed":2,"minecraft:torch":168},"minecraft:killed":{"minecraft:cave_spider":5,"minecraft:witch":1,"minecraft:spider":5,"minecraft:skeleton":16,"minecraft:chicken":7,"minecraft:silverfish":3,"minecraft:pig":4,"minecraft:creeper":12,"minecraft:sheep":6,"minecraft:zombie":40,"minecraft:enderman":2,"minecraft:cow":3}},"DataVersion":3465}