{"stats":{"minecraft:killed_by":{"minecraft:skeleton":2},"minecraft:broken":{"minecraft:wooden_pickaxe":1,"minecraft:stone_pickaxe":3,"minecraft:wooden_axe":1},"minecraft:used":{"minecraft:oak_fence":3,"minecraft:tropical_fish":1,"minecraft:spruce_planks":1,"minecraft:shield":4,"minecraft:cooked_chicken":1,"minecraft:torch":20,"minecraft:dirt":9,"minecraft:tuff":17,"minecraft:wooden_axe":45,"minecraft:furnace":2,"minecraft:cooked_beef":4,"minecraft:cobbled_deepslate":147,"minecraft:stone_pickaxe":454,"minecraft:oak_planks":4,"minecraft:wooden_pickaxe":38,"minecraft:golden_apple":1,"minecraft:mossy_cobblestone":2,"minecraft:crafting_table":8,"minecraft:white_bed":3,"minecraft:spruce_log":2,"minecraft:black_wool":1,"minecraft:bread":10,"minecraft:iron_pickaxe":5,"minecraft:gravel":1,"minecraft:stone_axe":122,"minecraft:cobblestone":53,"minecraft:cooked_porkchop":3},"minecraft:mined":{"minecraft:tuff":25,"minecraft:white_bed":3,"minecraft:mossy_cobblestone":2,"minecraft:deepslate_diamond_ore":1,"minecraft:brewing_stand":1,"minecraft:grass_block":3,"minecraft:spruce_leaves":10,"minecraft:moss_block":2,"minecraft:spawner":1,"minecraft:spore_blossom":1,"minecraft:furnace":3,"minecraft:iron_ore":39,"minecraft:fire":2,"minecraft:cobbled_deepslate":9,"minecraft:andesite":1,"minecraft:deepslate_lapis_ore":3,"minecraft:deepslate_iron_ore":15,"minecraft:rail":1,"minecraft:stone":103,"minecraft:crafting_table":5,"minecraft:oak_fence":15,"minecraft:clay":15,"minecraft:chest":1,"minecraft:lapis_ore":2,"minecraft:oak_planks":25,"minecraft:diorite":9,"minecraft:wall_torch":1,"minecraft:big_dripleaf":1,"minecraft:spruce_log":34,"minecraft:grass":3,"minecraft:coal_ore":69,"minecraft:gravel":13,"minecraft:oak_leaves":3,"minecraft:deepslate":183,"minecraft:fern":1},"minecraft:dropped":{"minecraft:iron_ingot":2,"minecraft:moss_block":2,"minecraft:wheat_seeds":2,"minecraft:diamond":1,"minecraft:spore_blossom":2,"minecraft:iron_helmet":1,"minecraft:cobblestone":63,"minecraft:stick":3,"minecraft:iron_leggings":1,"minecraft:bone_meal":1,"minecraft:moss_carpet":1,"minecraft:iron_nugget":4,"minecraft:oak_planks":3,"minecraft:big_dripleaf":2,"minecraft:charcoal":2,"minecraft:iron_chestplate":1,"minecraft:andesite":1,"minecraft:spruce_log":1},"minecraft:custom":{"minecraft:mob_kills":29,"minecraft:interact_with_crafting_table":20,"minecraft:leave_game":5,"minecraft:time_since_death":6406,"minecraft:climb_one_cm":1910,"minecraft:sprint_one_cm":263791,"minecraft:walk_one_cm":388698,"minecraft:damage_blocked_by_shield":140,"minecraft:drop":23,"minecraft:talked_to_villager":4,"minecraft:play_time":131626,"minecraft:deaths":5,"minecraft:sneak_time":11560,"minecraft:walk_under_water_one_cm":27833,"minecraft:jump":1970,"minecraft:interact_with_blast_furnace":1,"minecraft:walk_on_water_one_cm":41941,"minecraft:total_world_time":131626,"minecraft:interact_with_furnace":17,"minecraft:interact_with_stonecutter":1,"minecraft:sleep_in_bed":3,"minecraft:time_since_rest":6447,"minecraft:damage_taken":2483,"minecraft:damage_dealt":4943,"minecraft:fly_one_cm":201802,"minecraft:swim_one_cm":52622,"minecraft:open_chest":27,"minecraft:crouch_one_cm":37494,"minecraft:fall_one_cm":56062},"minecraft:crafted":{"minecraft:cooked_chicken":1,"minecraft:furnace":1,"minecraft:bow":1,"minecraft:iron_boots":1,"minecraft:stone_pickaxe":5,"minecraft:crafting_table":5,"minecraft:spruce_planks":40,"minecraft:wooden_pickaxe":1,"minecraft:iron_helmet":1,"minecraft:stone_axe":2,"minecraft:air":0,"minecraft:iron_chestplate":2,"minecraft:shield":2,"minecraft:stick":36,"minecraft:iron_ingot":30,"minecraft:iron_pickaxe":1,"minecraft:wooden_axe":1,"minecraft:iron_leggings":2,"minecraft:gold_ingot":4,"minecraft:white_bed":1,"minecraft:torch":40},"minecraft:killed":{"minecraft:cave_spider":5,"minecraft:spider":2,"minecraft:skeleton":4,"minecraft:chicken":7,"minecraft:creeper":1,"minecraft:sheep":3,"minecraft:zombie":7},"minecraft:picked_up":{"minecraft:charcoal":4,"minecraft:iron_chestplate":1,"minecraft:crafting_table":4,"minecraft:chicken":13,"minecraft:clay_ball":323,"minecraft:wooden_pickaxe":2,"minecraft:diamond_horse_armor":2,"minecraft:brewing_stand":2,"minecraft:shield":2,"minecraft:string":21,"minecraft:moss_carpet":2,"minecraft:iron_leggings":1,"minecraft:armor_stand":2,"minecraft:detector_rail":4,"minecraft:cobbled_deepslate":215,"minecraft:spruce_planks":6,"minecraft:azalea":6,"minecraft:iron_nugget":4,"minecraft:iron_pickaxe":2,"minecraft:iron_boots":1,"minecraft:furnace":3,"minecraft:raw_iron":57,"minecraft:big_dripleaf":2,"minecraft:oak_fence":15,"minecraft:torch":14,"minecraft:diorite":18,"minecraft:redstone":9,"minecraft:arrow":14,"minecraft:rotten_flesh":33,"minecraft:tropical_fish":2,"minecraft:saddle":2,"minecraft:gold_ingot":7,"minecraft:obsidian":3,"minecraft:glow_berries":11,"minecraft:mutton":8,"minecraft:white_wool":3,"minecraft:rail":9,"minecraft:cobblestone":150,"minecraft:feather":14,"minecraft:cooked_beef":4,"minecraft:andesite":1,"minecraft:brown_wool":2,"minecraft:potato":10,"minecraft:tuff":33,"minecraft:gunpowder":6,"minecraft:lapis_lazuli":71,"minecraft:dirt":9,"minecraft:paper":9,"minecraft:bone":20,"minecraft:apple":4,"minecraft:bow":1,"minecraft:wheat_seeds":3,"minecraft:spore_blossom":2,"minecraft:stone_pickaxe":2,"minecraft:moss_block":2,"minecraft:oak_planks":25,"minecraft:cooked_porkchop":3,"minecraft:axolotl_bucket":2,"minecraft:gravel":25,"minecraft:white_bed":5,"minecraft:spruce_log":55,"minecraft:spider_eye":4,"minecraft:mossy_cobblestone":2,"minecraft:pumpkin_seeds":2,"minecraft:diamond":3,"minecraft:stone_axe":2,"minecraft:iron_helmet":1,"minecraft:bone_meal":2,"minecraft:golden_apple":1,"minecraft:emerald":1,"minecraft:bread":6,"minecraft:melon_seeds":1,"minecraft:black_wool":2,"minecraft:coal":125}},"DataVersion":3465}