{"stats":{"minecraft:killed_by":{"minecraft:skeleton":2},"minecraft:broken":{"minecraft:wooden_pickaxe":1,"minecraft:stone_pickaxe":3,"minecraft:stone_axe":2,"minecraft:wooden_axe":1},"minecraft:used":{"minecraft:oak_fence":3,"minecraft:tropical_fish":1,"minecraft:stone_shovel":38,"minecraft:chest":2,"minecraft:spruce_planks":5,"minecraft:shield":4,"minecraft:cooked_chicken":1,"minecraft:torch":26,"minecraft:brewing_stand":2,"minecraft:dirt":12,"minecraft:tuff":17,"minecraft:wooden_axe":45,"minecraft:bow":4,"minecraft:oak_sapling":20,"minecraft:furnace":5,"minecraft:cooked_beef":8,"minecraft:cobbled_deepslate":173,"minecraft:cooked_mutton":5,"minecraft:stone_pickaxe":548,"minecraft:oak_planks":134,"minecraft:wooden_pickaxe":38,"minecraft:golden_apple":1,"minecraft:mossy_cobblestone":2,"minecraft:crafting_table":10,"minecraft:white_bed":7,"minecraft:spruce_log":2,"minecraft:oak_log":3,"minecraft:black_wool":1,"minecraft:bread":18,"minecraft:iron_pickaxe":5,"minecraft:gravel":1,"minecraft:stone_axe":233,"minecraft:cobblestone":56,"minecraft:cooked_porkchop":4,"minecraft:bone_meal":21},"minecraft:mined":{"minecraft:tuff":25,"minecraft:white_bed":5,"minecraft:mossy_cobblestone":2,"minecraft:deepslate_diamond_ore":1,"minecraft:brewing_stand":3,"minecraft:stone_brick_wall":2,"minecraft:grass_block":5,"minecraft:spruce_leaves":10,"minecraft:moss_block":2,"minecraft:chiseled_stone_bricks":1,"minecraft:spawner":1,"minecraft:spore_blossom":1,"minecraft:carrots":7,"minecraft:furnace":5,"minecraft:iron_ore":39,"minecraft:fire":2,"minecraft:cobbled_deepslate":16,"minecraft:andesite":1,"minecraft:deepslate_lapis_ore":3,"minecraft:potatoes":4,"minecraft:deepslate_iron_ore":15,"minecraft:rail":1,"minecraft:stone":112,"minecraft:crafting_table":6,"minecraft:oak_fence":15,"minecraft:clay":15,"minecraft:chest":2,"minecraft:tall_grass":5,"minecraft:lapis_ore":2,"minecraft:oak_planks":52,"minecraft:diorite":9,"minecraft:wall_torch":1,"minecraft:big_dripleaf":1,"minecraft:wheat":6,"minecraft:spruce_log":37,"minecraft:stone_brick_stairs":1,"minecraft:grass":8,"minecraft:oak_log":31,"minecraft:coal_ore":137,"minecraft:gravel":13,"minecraft:sand":38,"minecraft:dirt":1,"minecraft:oak_leaves":35,"minecraft:deepslate":183,"minecraft:fern":1},"minecraft:dropped":{"minecraft:iron_ingot":2,"minecraft:moss_block":2,"minecraft:wheat_seeds":2,"minecraft:diamond":1,"minecraft:spore_blossom":2,"minecraft:iron_helmet":1,"minecraft:cobblestone":68,"minecraft:tropical_fish":1,"minecraft:grass_block":1,"minecraft:stick":3,"minecraft:diorite":9,"minecraft:torch":9,"minecraft:iron_leggings":1,"minecraft:bone_meal":1,"minecraft:bone":7,"minecraft:gravel":12,"minecraft:moss_carpet":1,"minecraft:iron_nugget":4,"minecraft:detector_rail":8,"minecraft:cobbled_deepslate":27,"minecraft:tuff":8,"minecraft:rotten_flesh":18,"minecraft:clay_ball":64,"minecraft:oak_planks":19,"minecraft:big_dripleaf":2,"minecraft:charcoal":2,"minecraft:iron_chestplate":1,"minecraft:andesite":1,"minecraft:azalea":1,"minecraft:spider_eye":2,"minecraft:spruce_log":1,"minecraft:arrow":6},"minecraft:custom":{"minecraft:mob_kills":46,"minecraft:interact_with_crafting_table":31,"minecraft:leave_game":5,"minecraft:time_since_death":66406,"minecraft:climb_one_cm":4758,"minecraft:sprint_one_cm":541008,"minecraft:walk_one_cm":547996,"minecraft:damage_blocked_by_shield":140,"minecraft:drop":43,"minecraft:talked_to_villager":7,"minecraft:play_time":191626,"minecraft:deaths":5,"minecraft:sneak_time":12662,"minecraft:walk_under_water_one_cm":33411,"minecraft:jump":3864,"minecraft:interact_with_blast_furnace":1,"minecraft:walk_on_water_one_cm":53787,"minecraft:total_world_time":191626,"minecraft:interact_with_furnace":32,"minecraft:interact_with_stonecutter":1,"minecraft:sleep_in_bed":8,"minecraft:time_since_rest":6695,"minecraft:damage_taken":2953,"minecraft:damage_dealt":7351,"minecraft:fly_one_cm":630534,"minecraft:swim_one_cm":84902,"minecraft:open_chest":44,"minecraft:crouch_one_cm":41598,"minecraft:fall_one_cm":113009},"minecraft:crafted":{"minecraft:oak_planks":112,"minecraft:stone_shovel":1,"minecraft:cooked_chicken":1,"minecraft:furnace":1,"minecraft:bone_meal":21,"minecraft:cooked_mutton":5,"minecraft:glass":13,"minecraft:bow":1,"minecraft:iron_boots":1,"minecraft:stone_pickaxe":7,"minecraft:chest":1,"minecraft:cooked_beef":4,"minecraft:cooked_porkchop":1,"minecraft:crafting_table":6,"minecraft:spruce_planks":52,"minecraft:wooden_pickaxe":1,"minecraft:iron_helmet":1,"minecraft:stone_axe":4,"minecraft:air":0,"minecraft:iron_chestplate":2,"minecraft:shield":2,"minecraft:stick":44,"minecraft:iron_ingot":30,"minecraft:iron_pickaxe":1,"minecraft:wooden_axe":1,"minecraft:iron_leggings":2,"minecraft:gold_ingot":4,"minecraft:white_bed":2,"minecraft:torch":40},"minecraft:killed":{"minecraft:cave_spider":5,"minecraft:spider":3,"minecraft:skeleton":5,"minecraft:chicken":7,"minecraft:pig":4,"minecraft:creeper":4,"minecraft:sheep":6,"minecraft:zombie":10,"minecraft:enderman":1,"minecraft:cow":1},"minecraft:picked_up":{"minecraft:charcoal":4,"minecraft:iron_chestplate":1,"minecraft:crafting_table":5,"minecraft:chicken":13,"minecraft:clay_ball":455,"minecraft:wooden_pickaxe":2,"minecraft:diamond_horse_armor":3,"minecraft:brewing_stand":4,"minecraft:shield":2,"minecraft:string":32,"minecraft:moss_carpet":2,"minecraft:iron_leggings":1,"minecraft:armor_stand":2,"minecraft:detector_rail":8,"minecraft:cobbled_deepslate":249,"minecraft:spruce_planks":6,"minecraft:beef":2,"minecraft:azalea":6,"minecraft:iron_nugget":4,"minecraft:iron_pickaxe":2,"minecraft:chest":1,"minecraft:iron_boots":1,"minecraft:furnace":5,"minecraft:golden_helmet":1,"minecraft:stick":6,"minecraft:raw_iron":57,"minecraft:big_dripleaf":2,"minecraft:oak_fence":15,"minecraft:torch":23,"minecraft:porkchop":8,"minecraft:diorite":18,"minecraft:carrot":7,"minecraft:redstone":9,"minecraft:arrow":26,"minecraft:rotten_flesh":71,"minecraft:tropical_fish":2,"minecraft:saddle":2,"minecraft:gold_ingot":11,"minecraft:obsidian":3,"minecraft:glow_berries":11,"minecraft:mutton":13,"minecraft:white_wool":8,"minecraft:rail":17,"minecraft:cobblestone":165,"minecraft:feather":14,"minecraft:cooked_beef":4,"minecraft:andesite":1,"minecraft:brown_wool":2,"minecraft:potato":25,"minecraft:tuff":33,"minecraft:oak_log":31,"minecraft:gunpowder":20,"minecraft:lapis_lazuli":71,"minecraft:dirt":12,"minecraft:paper":9,"minecraft:bone":27,"minecraft:apple":19,"minecraft:bow":1,"minecraft:wheat_seeds":22,"minecraft:spore_blossom":2,"minecraft:stone_pickaxe":2,"minecraft:moss_block":2,"minecraft:oak_planks":67,"minecraft:cooked_porkchop":5,"minecraft:axolotl_bucket":3,"minecraft:gravel":25,"minecraft:sand":38,"minecraft:grass_block":2,"minecraft:white_bed":7,"minecraft:spruce_log":58,"minecraft:spider_eye":4,"minecraft:mossy_cobblestone":2,"minecraft:pumpkin_seeds":2,"minecraft:diamond":3,"minecraft:stone_axe":2,"minecraft:iron_helmet":1,"minecraft:bone_meal":2,"minecraft:golden_apple":2,"minecraft:emerald":1,"minecraft:bread":6,"minecraft:oak_sapling":20,"minecraft:melon_seeds":2,"minecraft:black_wool":2,"minecraft:coal":212}},"DataVersion":3465}