{"stats":{"minecraft:killed_by":{"minecraft:skeleton":2},"minecraft:picked_up":{"minecraft:lead":4,"minecraft:charcoal":4,"minecraft:crafting_table":7,"minecraft:iron_chestplate":1,"minecraft:allium":7,"minecraft:wheat":24,"minecraft:chicken":13,"minecraft:ladder":2,"minecraft:clay_ball":455,"minecraft:smithing_table":1,"minecraft:wooden_pickaxe":2,"minecraft:oak_stairs":49,"minecraft:diamond_horse_armor":3,"minecraft:brewing_stand":4,"minecraft:shield":2,"minecraft:string":33,"minecraft:moss_carpet":2,"minecraft:iron_leggings":1,"minecraft:armor_stand":2,"minecraft:cobbled_deepslate":249,"minecraft:detector_rail":8,"minecraft:spruce_planks":1017,"minecraft:beef":6,"minecraft:azalea":6,"minecraft:iron_nugget":4,"minecraft:iron_pickaxe":2,"minecraft:lectern":13,"minecraft:chest":1,"minecraft:birch_sapling":6,"minecraft:iron_boots":1,"minecraft:furnace":10,"minecraft:golden_helmet":1,"minecraft:stick":53,"minecraft:raw_iron":144,"minecraft:oak_door":5,"minecraft:composter":3,"minecraft:oak_fence":15,"minecraft:big_dripleaf":2,"minecraft:torch":48,"minecraft:spruce_fence":11,"minecraft:porkchop":8,"minecraft:diorite":18,"minecraft:carrot":375,"minecraft:redstone":49,"minecraft:arrow":42,"minecraft:rotten_flesh":110,"minecraft:tropical_fish":2,"minecraft:saddle":2,"minecraft:gold_ingot":11,"minecraft:white_terracotta":2,"minecraft:snowball":5,"minecraft:mutton":14,"minecraft:glow_berries":11,"minecraft:obsidian":3,"minecraft:rail":17,"minecraft:white_wool":11,"minecraft:cobblestone":420,"minecraft:birch_log":31,"minecraft:feather":14,"minecraft:cooked_beef":17,"minecraft:glow_ink_sac":2,"minecraft:andesite":2,"minecraft:leather":2,"minecraft:black_bed":1,"minecraft:brown_wool":2,"minecraft:potato":41,"minecraft:flint":5,"minecraft:tuff":33,"minecraft:oak_log":563,"minecraft:gunpowder":28,"minecraft:lapis_lazuli":166,"minecraft:paper":9,"minecraft:dirt":1267,"minecraft:glass":27,"minecraft:bone":43,"minecraft:apple":32,"minecraft:bow":2,"minecraft:bell":4,"minecraft:wheat_seeds":128,"minecraft:raw_gold":8,"minecraft:spore_blossom":2,"minecraft:iron_ingot":1,"minecraft:stone_pickaxe":2,"minecraft:fletching_table":1,"minecraft:moss_block":2,"minecraft:oak_planks":277,"minecraft:book":12,"minecraft:cooked_porkchop":5,"minecraft:axolotl_bucket":3,"minecraft:gravel":63,"minecraft:sand":100,"minecraft:spruce_sapling":30,"minecraft:spruce_log":115,"minecraft:white_bed":15,"minecraft:grass_block":2,"minecraft:spider_eye":4,"minecraft:mossy_cobblestone":2,"minecraft:music_disc_mall":1,"minecraft:pumpkin_seeds":2,"minecraft:diamond":3,"minecraft:stone_axe":2,"minecraft:iron_helmet":1,"minecraft:granite":2,"minecraft:bone_meal":2,"minecraft:golden_apple":2,"minecraft:bread":6,"minecraft:emerald":2,"minecraft:oak_sapling":84,"minecraft:melon_seeds":2,"minecraft:black_wool":2,"minecraft:coal":371},"minecraft:custom":{"minecraft:mob_kills":118,"minecraft:animals_bred":9,"minecraft:interact_with_crafting_table":81,"minecraft:bell_ring":57,"minecraft:leave_game":12,"minecraft:time_since_death":343972,"minecraft:climb_one_cm":6571,"minecraft:sprint_one_cm":1387387,"minecraft:walk_one_cm":1710797,"minecraft:damage_blocked_by_shield":710,"minecraft:drop":70,"minecraft:talked_to_villager":62,"minecraft:play_time":469192,"minecraft:deaths":5,"minecraft:sneak_time":23811,"minecraft:walk_under_water_one_cm":38846,"minecraft:jump":8127,"minecraft:interact_with_blast_furnace":1,"minecraft:walk_on_water_one_cm":63931,"minecraft:total_world_time":469192,"minecraft:interact_with_furnace":82,"minecraft:traded_with_villager":111,"minecraft:interact_with_stonecutter":1,"minecraft:sleep_in_bed":21,"minecraft:time_since_rest":12801,"minecraft:damage_taken":4673,"minecraft:damage_dealt":20398,"minecraft:swim_one_cm":99844,"minecraft:fly_one_cm":1424760,"minecraft:open_chest":294,"minecraft:crouch_one_cm":78170,"minecraft:fall_one_cm":228596},"minecraft:mined":{"minecraft:spruce_planks":3,"minecraft:tuff":25,"minecraft:white_bed":12,"minecraft:oak_sapling":5,"minecraft:mossy_cobblestone":2,"minecraft:deepslate_diamond_ore":1,"minecraft:oak_door":4,"minecraft:brewing_stand":3,"minecraft:ladder":2,"minecraft:stone_brick_wall":2,"minecraft:grass_block":776,"minecraft:spruce_fence":10,"minecraft:composter":3,"minecraft:spruce_leaves":19,"minecraft:moss_block":2,"minecraft:spawner":1,"minecraft:chiseled_stone_bricks":1,"minecraft:spore_blossom":1,"minecraft:redstone_ore":4,"minecraft:spruce_sapling":24,"minecraft:furnace":10,"minecraft:carrots":108,"minecraft:fire":2,"minecraft:iron_ore":124,"minecraft:cobbled_deepslate":16,"minecraft:snow":1,"minecraft:andesite":2,"minecraft:deepslate_lapis_ore":8,"minecraft:fletching_table":1,"minecraft:bell":4,"minecraft:bookshelf":4,"minecraft:potatoes":10,"minecraft:deepslate_iron_ore":18,"minecraft:rail":1,"minecraft:oak_stairs":50,"minecraft:stone":350,"minecraft:podzol":1,"minecraft:smithing_table":1,"minecraft:deepslate_redstone_ore":5,"minecraft:glass_pane":1,"minecraft:snow_block":1,"minecraft:oak_fence":15,"minecraft:clay":15,"minecraft:crafting_table":8,"minecraft:torch":7,"minecraft:emerald_ore":1,"minecraft:chest":2,"minecraft:lectern":13,"minecraft:cobblestone":10,"minecraft:tall_grass":26,"minecraft:glass":29,"minecraft:lapis_ore":11,"minecraft:oak_planks":279,"minecraft:diorite":9,"minecraft:wall_torch":10,"minecraft:big_dripleaf":1,"minecraft:white_terracotta":2,"minecraft:birch_log":31,"minecraft:wheat":36,"minecraft:spruce_log":94,"minecraft:birch_leaves":34,"minecraft:black_bed":1,"minecraft:stone_brick_stairs":1,"minecraft:grass":112,"minecraft:coal_ore":250,"minecraft:oak_log":570,"minecraft:gravel":56,"minecraft:sand":100,"minecraft:dirt":415,"minecraft:gold_ore":8,"minecraft:oak_leaves":140,"minecraft:infested_stone":2,"minecraft:deepslate":183,"minecraft:fern":1},"minecraft:broken":{"minecraft:iron_shovel":4,"minecraft:stone_hoe":1,"minecraft:wooden_pickaxe":1,"minecraft:stone_pickaxe":6,"minecraft:iron_axe":2,"minecraft:stone_axe":9,"minecraft:iron_pickaxe":1,"minecraft:wooden_axe":1,"minecraft:wooden_hoe":3,"minecraft:stone_shovel":1},"minecraft:used":{"minecraft:oak_fence":3,"minecraft:iron_shovel":1062,"minecraft:tropical_fish":1,"minecraft:stone_shovel":234,"minecraft:chest":4,"minecraft:spruce_planks":19,"minecraft:shield":25,"minecraft:bell":3,"minecraft:stone_hoe":106,"minecraft:cooked_chicken":5,"minecraft:rotten_flesh":6,"minecraft:oak_door":3,"minecraft:torch":185,"minecraft:brewing_stand":2,"minecraft:dirt":734,"minecraft:carrot":247,"minecraft:tuff":17,"minecraft:spruce_fence":31,"minecraft:snowball":5,"minecraft:milk_bucket":1,"minecraft:glass":15,"minecraft:wooden_axe":63,"minecraft:oak_stairs":195,"minecraft:iron_axe":460,"minecraft:bow":32,"minecraft:oak_sapling":48,"minecraft:furnace":11,"minecraft:cooked_beef":34,"minecraft:potato":21,"minecraft:cobbled_deepslate":174,"minecraft:wheat_seeds":90,"minecraft:cooked_mutton":5,"minecraft:water_bucket":7,"minecraft:stone_pickaxe":841,"minecraft:oak_planks":388,"minecraft:baked_potato":6,"minecraft:wooden_pickaxe":42,"minecraft:fletching_table":2,"minecraft:golden_apple":1,"minecraft:mossy_cobblestone":2,"minecraft:crafting_table":16,"minecraft:white_bed":15,"minecraft:black_bed":1,"minecraft:spruce_log":2,"minecraft:oak_log":60,"minecraft:wooden_hoe":225,"minecraft:black_wool":1,"minecraft:bread":20,"minecraft:iron_pickaxe":236,"minecraft:lectern":13,"minecraft:spruce_sapling":29,"minecraft:gravel":38,"minecraft:stone_axe":1051,"minecraft:cobblestone":154,"minecraft:cooked_porkchop":6,"minecraft:smithing_table":3,"minecraft:bucket":7,"minecraft:bone_meal":96},"minecraft:dropped":{"minecraft:iron_ingot":2,"minecraft:cooked_beef":7,"minecraft:moss_block":2,"minecraft:wheat_seeds":24,"minecraft:diamond":1,"minecraft:spore_blossom":2,"minecraft:iron_helmet":1,"minecraft:cobblestone":68,"minecraft:leather":1,"minecraft:tropical_fish":1,"minecraft:grass_block":1,"minecraft:stick":3,"minecraft:diorite":9,"minecraft:torch":9,"minecraft:iron_leggings":1,"minecraft:bone_meal":1,"minecraft:bone":8,"minecraft:gravel":12,"minecraft:stone_axe":10,"minecraft:moss_carpet":1,"minecraft:iron_nugget":4,"minecraft:detector_rail":8,"minecraft:cobbled_deepslate":27,"minecraft:tuff":8,"minecraft:stone_shovel":1,"minecraft:rotten_flesh":18,"minecraft:clay_ball":64,"minecraft:oak_planks":19,"minecraft:big_dripleaf":2,"minecraft:azalea":1,"minecraft:spruce_planks":112,"minecraft:iron_chestplate":1,"minecraft:charcoal":2,"minecraft:andesite":1,"minecraft:spider_eye":2,"minecraft:spruce_log":1,"minecraft:bow":9,"minecraft:arrow":10},"minecraft:crafted":{"minecraft:oak_planks":1320,"minecraft:stone_shovel":2,"minecraft:cooked_chicken":1,"minecraft:furnace":2,"minecraft:bone_meal":96,"minecraft:bookshelf":1,"minecraft:cooked_mutton":5,"minecraft:glass":29,"minecraft:bow":10,"minecraft:iron_boots":1,"minecraft:iron_axe":3,"minecraft:stone_pickaxe":8,"minecraft:chest":3,"minecraft:cooked_beef":8,"minecraft:arrow":144,"minecraft:emerald":82,"minecraft:cooked_porkchop":1,"minecraft:crafting_table":10,"minecraft:spruce_planks":52,"minecraft:baked_potato":6,"minecraft:iron_helmet":2,"minecraft:wooden_pickaxe":2,"minecraft:smithing_table":2,"minecraft:fletching_table":2,"minecraft:stone_axe":21,"minecraft:bread":4,"minecraft:air":0,"minecraft:wooden_hoe":4,"minecraft:iron_chestplate":2,"minecraft:shield":2,"minecraft:stick":2627,"minecraft:iron_pickaxe":2,"minecraft:iron_ingot":100,"minecraft:oak_stairs":148,"minecraft:wooden_axe":2,"minecraft:gold_ingot":4,"minecraft:iron_shovel":7,"minecraft:iron_leggings":2,"minecraft:white_bed":3,"minecraft:torch":204,"minecraft:shears":1},"minecraft:killed":{"minecraft:cave_spider":5,"minecraft:witch":1,"minecraft:spider":6,"minecraft:skeleton":21,"minecraft:chicken":7,"minecraft:silverfish":3,"minecraft:pig":4,"minecraft:creeper":12,"minecraft:sheep":7,"minecraft:pillager":3,"minecraft:zombie":43,"minecraft:enderman":2,"minecraft:cow":3}},"DataVersion":3465}