{"stats":{"minecraft:used":{"minecraft:stone_pickaxe":180,"minecraft:shield":3,"minecraft:spruce_planks":1,"minecraft:wooden_pickaxe":2,"minecraft:torch":17,"minecraft:mossy_cobblestone":2,"minecraft:dirt":9,"minecraft:crafting_table":4,"minecraft:white_bed":3,"minecraft:spruce_log":2,"minecraft:wooden_axe":45,"minecraft:black_wool":1,"minecraft:bread":7,"minecraft:iron_pickaxe":5,"minecraft:gravel":1,"minecraft:stone_axe":24,"minecraft:cobblestone":20,"minecraft:cooked_porkchop":3},"minecraft:broken":{"minecraft:stone_pickaxe":1,"minecraft:wooden_axe":1},"minecraft:mined":{"minecraft:white_bed":2,"minecraft:mossy_cobblestone":2,"minecraft:deepslate_diamond_ore":1,"minecraft:brewing_stand":1,"minecraft:clay":2,"minecraft:crafting_table":2,"minecraft:grass_block":3,"minecraft:spruce_leaves":10,"minecraft:spore_blossom":1,"minecraft:iron_ore":29,"minecraft:fire":2,"minecraft:spruce_log":34,"minecraft:andesite":1,"minecraft:deepslate_lapis_ore":2,"minecraft:deepslate_iron_ore":5,"minecraft:coal_ore":69,"minecraft:gravel":1,"minecraft:stone":60,"minecraft:oak_leaves":3,"minecraft:fern":1},"minecraft:dropped":{"minecraft:iron_ingot":1,"minecraft:diamond":1,"minecraft:spore_blossom":2,"minecraft:cobblestone":59,"minecraft:andesite":1,"minecraft:spruce_log":1},"minecraft:custom":{"minecraft:mob_kills":16,"minecraft:interact_with_crafting_table":8,"minecraft:interact_with_stonecutter":1,"minecraft:leave_game":2,"minecraft:time_since_death":18612,"minecraft:sleep_in_bed":2,"minecraft:climb_one_cm":1129,"minecraft:time_since_rest":10750,"minecraft:sprint_one_cm":147288,"minecraft:damage_taken":805,"minecraft:walk_one_cm":184957,"minecraft:damage_blocked_by_shield":110,"minecraft:drop":7,"minecraft:damage_dealt":2322,"minecraft:swim_one_cm":15127,"minecraft:talked_to_villager":4,"minecraft:fly_one_cm":109273,"minecraft:open_chest":6,"minecraft:crouch_one_cm":16405,"minecraft:play_time":48960,"minecraft:deaths":1,"minecraft:sneak_time":4892,"minecraft:walk_under_water_one_cm":6065,"minecraft:jump":968,"minecraft:interact_with_blast_furnace":1,"minecraft:walk_on_water_one_cm":16022,"minecraft:total_world_time":48960,"minecraft:fall_one_cm":24286},"minecraft:crafted":{"minecraft:crafting_table":3,"minecraft:spruce_planks":40,"minecraft:wooden_pickaxe":1,"minecraft:stone_axe":1,"minecraft:shield":1,"minecraft:stick":20,"minecraft:stone_pickaxe":2,"minecraft:wooden_axe":1,"minecraft:white_bed":1,"minecraft:torch":40},"minecraft:killed":{"minecraft:sheep":3,"minecraft:skeleton":1,"minecraft:zombie":6,"minecraft:chicken":6},"minecraft:picked_up":{"minecraft:crafting_table":3,"minecraft:feather":14,"minecraft:chicken":12,"minecraft:clay_ball":16,"minecraft:andesite":1,"minecraft:brown_wool":2,"minecraft:wooden_pickaxe":1,"minecraft:potato":10,"minecraft:brewing_stand":2,"minecraft:shield":1,"minecraft:lapis_lazuli":16,"minecraft:dirt":9,"minecraft:string":4,"minecraft:paper":9,"minecraft:moss_carpet":1,"minecraft:armor_stand":2,"minecraft:apple":4,"minecraft:wheat_seeds":2,"minecraft:spore_blossom":2,"minecraft:spruce_planks":6,"minecraft:stone_pickaxe":1,"minecraft:azalea":4,"minecraft:iron_pickaxe":1,"minecraft:raw_iron":33,"minecraft:cooked_porkchop":3,"minecraft:torch":1,"minecraft:gravel":1,"minecraft:white_bed":3,"minecraft:spruce_log":55,"minecraft:mossy_cobblestone":2,"minecraft:arrow":1,"minecraft:pumpkin_seeds":2,"minecraft:rotten_flesh":15,"minecraft:diamond":3,"minecraft:stone_axe":1,"minecraft:iron_helmet":1,"minecraft:gold_ingot":3,"minecraft:saddle":1,"minecraft:bread":6,"minecraft:glow_berries":11,"minecraft:obsidian":3,"minecraft:black_wool":2,"minecraft:mutton":8,"minecraft:coal":114,"minecraft:white_wool":3,"minecraft:cobblestone":108}},"DataVersion":3465}