{"stats":{"minecraft:killed_by":{"minecraft:skeleton":2},"minecraft:picked_up":{"minecraft:iron_chestplate":1,"minecraft:wheat":116,"minecraft:flower_pot":3,"minecraft:anvil":1,"minecraft:smithing_table":2,"minecraft:lead":4,"minecraft:oak_stairs":49,"minecraft:stone_brick_stairs":2,"minecraft:brewing_stand":4,"minecraft:string":33,"minecraft:iron_leggings":1,"minecraft:armor_stand":2,"minecraft:cobbled_deepslate":249,"minecraft:spruce_planks":1041,"minecraft:azalea":6,"minecraft:iron_pickaxe":2,"minecraft:furnace":10,"minecraft:iron_boots":1,"minecraft:golden_helmet":1,"minecraft:stick":59,"minecraft:big_dripleaf":2,"minecraft:composter":8,"minecraft:oak_fence":15,"minecraft:torch":68,"minecraft:porkchop":8,"minecraft:diorite":18,"minecraft:rotten_flesh":115,"minecraft:tropical_fish":2,"minecraft:white_terracotta":2,"minecraft:obsidian":3,"minecraft:snowball":5,"minecraft:cobblestone":610,"minecraft:birch_log":31,"minecraft:feather":14,"minecraft:cooked_beef":17,"minecraft:andesite":2,"minecraft:black_bed":1,"minecraft:brown_wool":2,"minecraft:potato":97,"minecraft:flint":5,"minecraft:tuff":33,"minecraft:dirt":1432,"minecraft:lapis_lazuli":166,"minecraft:glass":27,"minecraft:bone":43,"minecraft:bow":2,"minecraft:stonecutter":1,"minecraft:wheat_seeds":352,"minecraft:raw_gold":8,"minecraft:bell":4,"minecraft:grindstone":1,"minecraft:fletching_table":5,"minecraft:moss_block":2,"minecraft:oak_planks":294,"minecraft:cooked_porkchop":5,"minecraft:axolotl_bucket":3,"minecraft:sand":100,"minecraft:grass_block":61,"minecraft:mossy_cobblestone":2,"minecraft:diamond":3,"minecraft:granite":2,"minecraft:bone_meal":2,"minecraft:golden_apple":2,"minecraft:emerald":2,"minecraft:bread":6,"minecraft:oak_sapling":84,"minecraft:charcoal":4,"minecraft:crafting_table":7,"minecraft:allium":8,"minecraft:azure_bluet":1,"minecraft:chicken":13,"minecraft:ladder":10,"minecraft:clay_ball":455,"minecraft:wooden_pickaxe":2,"minecraft:diamond_horse_armor":3,"minecraft:shield":2,"minecraft:moss_carpet":2,"minecraft:detector_rail":8,"minecraft:beef":6,"minecraft:iron_nugget":4,"minecraft:poppy":6,"minecraft:lectern":13,"minecraft:chest":1,"minecraft:birch_sapling":6,"minecraft:spruce_trapdoor":11,"minecraft:raw_iron":144,"minecraft:oak_door":5,"minecraft:spruce_fence":16,"minecraft:carrot":1080,"minecraft:redstone":49,"minecraft:arrow":42,"minecraft:saddle":2,"minecraft:gold_ingot":11,"minecraft:glow_berries":11,"minecraft:mutton":14,"minecraft:white_wool":95,"minecraft:rail":17,"minecraft:oxeye_daisy":2,"minecraft:glow_ink_sac":2,"minecraft:leather":2,"minecraft:oak_log":567,"minecraft:gunpowder":28,"minecraft:paper":9,"minecraft:white_banner":1,"minecraft:apple":32,"minecraft:stone_bricks":13,"minecraft:spore_blossom":2,"minecraft:stone_pickaxe":2,"minecraft:iron_ingot":11,"minecraft:book":12,"minecraft:stone_brick_slab":5,"minecraft:dandelion":10,"minecraft:gravel":63,"minecraft:spruce_sapling":42,"minecraft:white_bed":16,"minecraft:spruce_log":675,"minecraft:spider_eye":4,"minecraft:pumpkin_seeds":2,"minecraft:music_disc_mall":1,"minecraft:stone_axe":5,"minecraft:iron_helmet":1,"minecraft:melon_seeds":2,"minecraft:black_wool":2,"minecraft:coal":371},"minecraft:custom":{"minecraft:animals_bred":22,"minecraft:interact_with_crafting_table":105,"minecraft:bell_ring":57,"minecraft:leave_game":14,"minecraft:time_since_death":462728,"minecraft:sprint_one_cm":1687192,"minecraft:damage_blocked_by_shield":710,"minecraft:drop":81,"minecraft:talked_to_villager":112,"minecraft:play_time":587948,"minecraft:deaths":5,"minecraft:jump":9757,"minecraft:walk_on_water_one_cm":65216,"minecraft:interact_with_furnace":110,"minecraft:traded_with_villager":247,"minecraft:sleep_in_bed":30,"minecraft:damage_dealt":21906,"minecraft:crouch_one_cm":110511,"minecraft:mob_kills":124,"minecraft:interact_with_anvil":1,"minecraft:climb_one_cm":15168,"minecraft:walk_one_cm":2092063,"minecraft:sneak_time":35445,"minecraft:walk_under_water_one_cm":38846,"minecraft:interact_with_blast_furnace":1,"minecraft:total_world_time":587948,"minecraft:pot_flower":7,"minecraft:interact_with_grindstone":3,"minecraft:interact_with_stonecutter":2,"minecraft:time_since_rest":12361,"minecraft:damage_taken":4815,"minecraft:swim_one_cm":99844,"minecraft:fly_one_cm":1743007,"minecraft:open_chest":416,"minecraft:fall_one_cm":263597},"minecraft:mined":{"minecraft:spruce_planks":27,"minecraft:white_bed":13,"minecraft:oak_sapling":5,"minecraft:brewing_stand":3,"minecraft:spruce_trapdoor":11,"minecraft:grass_block":840,"minecraft:stone_brick_wall":2,"minecraft:composter":8,"minecraft:oxeye_daisy":2,"minecraft:chiseled_stone_bricks":1,"minecraft:spawner":1,"minecraft:fire":2,"minecraft:iron_ore":124,"minecraft:cobbled_deepslate":16,"minecraft:fletching_table":5,"minecraft:deepslate_lapis_ore":8,"minecraft:anvil":1,"minecraft:azure_bluet":1,"minecraft:oak_stairs":50,"minecraft:deepslate_redstone_ore":5,"minecraft:clay":15,"minecraft:torch":16,"minecraft:chest":2,"minecraft:glass":29,"minecraft:cobblestone":21,"minecraft:grindstone":1,"minecraft:oak_planks":296,"minecraft:wall_torch":20,"minecraft:white_terracotta":2,"minecraft:birch_log":31,"minecraft:wheat":131,"minecraft:black_bed":1,"minecraft:potted_poppy":2,"minecraft:stone_brick_stairs":3,"minecraft:grass":122,"minecraft:oak_log":574,"minecraft:sand":100,"minecraft:dirt":557,"minecraft:stonecutter":1,"minecraft:oak_leaves":142,"minecraft:deepslate":183,"minecraft:tuff":25,"minecraft:mossy_cobblestone":2,"minecraft:deepslate_diamond_ore":1,"minecraft:oak_door":4,"minecraft:ladder":10,"minecraft:spruce_fence":15,"minecraft:spruce_leaves":19,"minecraft:moss_block":2,"minecraft:spore_blossom":1,"minecraft:redstone_ore":4,"minecraft:spruce_sapling":24,"minecraft:furnace":10,"minecraft:carrots":282,"minecraft:snow":1,"minecraft:andesite":2,"minecraft:bell":4,"minecraft:bookshelf":4,"minecraft:potatoes":25,"minecraft:deepslate_iron_ore":18,"minecraft:rail":1,"minecraft:stone":533,"minecraft:potted_allium":1,"minecraft:smithing_table":2,"minecraft:podzol":1,"minecraft:glass_pane":2,"minecraft:snow_block":1,"minecraft:stone_brick_slab":3,"minecraft:dandelion":9,"minecraft:oak_fence":16,"minecraft:crafting_table":8,"minecraft:cornflower":1,"minecraft:emerald_ore":1,"minecraft:lectern":13,"minecraft:tall_grass":28,"minecraft:lapis_ore":11,"minecraft:diorite":9,"minecraft:big_dripleaf":1,"minecraft:spruce_log":657,"minecraft:birch_leaves":34,"minecraft:coal_ore":250,"minecraft:gravel":56,"minecraft:stone_bricks":13,"minecraft:gold_ore":8,"minecraft:fern":1,"minecraft:infested_stone":2},"minecraft:broken":{"minecraft:iron_shovel":4,"minecraft:stone_pickaxe":6,"minecraft:stone_axe":9,"minecraft:wooden_axe":1,"minecraft:stone_shovel":1,"minecraft:stone_hoe":1,"minecraft:wooden_pickaxe":1,"minecraft:iron_axe":3,"minecraft:iron_pickaxe":1,"minecraft:wooden_hoe":3},"minecraft:used":{"minecraft:iron_shovel":1251,"minecraft:ladder":20,"minecraft:chest":4,"minecraft:shield":25,"minecraft:bell":4,"minecraft:rotten_flesh":6,"minecraft:carrot":421,"minecraft:tuff":17,"minecraft:snowball":5,"minecraft:milk_bucket":2,"minecraft:glass":15,"minecraft:bricks":4,"minecraft:grass_block":32,"minecraft:stone_brick_stairs":24,"minecraft:stone_bricks":71,"minecraft:bow":44,"minecraft:furnace":11,"minecraft:oak_sapling":48,"minecraft:potato":77,"minecraft:stone_pickaxe":952,"minecraft:oak_planks":404,"minecraft:wooden_pickaxe":42,"minecraft:composter":5,"minecraft:diamond_axe":262,"minecraft:golden_apple":1,"minecraft:black_bed":1,"minecraft:bread":22,"minecraft:lectern":13,"minecraft:gravel":38,"minecraft:grindstone":2,"minecraft:smithing_table":3,"minecraft:bone_meal":96,"minecraft:oak_fence":3,"minecraft:tropical_fish":1,"minecraft:stone_shovel":234,"minecraft:spruce_planks":274,"minecraft:stone_hoe":106,"minecraft:cooked_chicken":5,"minecraft:oak_door":3,"minecraft:torch":217,"minecraft:brewing_stand":2,"minecraft:dirt":1008,"minecraft:anvil":2,"minecraft:white_carpet":3,"minecraft:spruce_fence":47,"minecraft:stone_brick_slab":27,"minecraft:wooden_axe":63,"minecraft:iron_axe":866,"minecraft:oak_stairs":195,"minecraft:cooked_beef":34,"minecraft:cobbled_deepslate":174,"minecraft:wheat_seeds":185,"minecraft:cooked_mutton":5,"minecraft:water_bucket":10,"minecraft:baked_potato":6,"minecraft:fletching_table":7,"minecraft:stonecutter":1,"minecraft:mossy_cobblestone":2,"minecraft:crafting_table":16,"minecraft:white_bed":18,"minecraft:spruce_log":2,"minecraft:oak_log":60,"minecraft:wooden_hoe":225,"minecraft:flower_pot":7,"minecraft:black_wool":1,"minecraft:iron_pickaxe":340,"minecraft:spruce_trapdoor":42,"minecraft:spruce_sapling":38,"minecraft:stone_axe":1052,"minecraft:cobblestone":163,"minecraft:cooked_porkchop":15,"minecraft:bucket":10},"minecraft:dropped":{"minecraft:moss_block":2,"minecraft:cooked_beef":7,"minecraft:diamond":1,"minecraft:spore_blossom":2,"minecraft:leather":1,"minecraft:bone_meal":1,"minecraft:bone":8,"minecraft:gravel":12,"minecraft:stone_axe":12,"minecraft:iron_nugget":4,"minecraft:detector_rail":8,"minecraft:cobbled_deepslate":27,"minecraft:rotten_flesh":20,"minecraft:oak_planks":19,"minecraft:carrot":195,"minecraft:poppy":1,"minecraft:charcoal":2,"minecraft:azalea":1,"minecraft:arrow":10,"minecraft:iron_ingot":2,"minecraft:wheat_seeds":25,"minecraft:iron_helmet":1,"minecraft:cobblestone":68,"minecraft:tropical_fish":1,"minecraft:grass_block":1,"minecraft:stick":3,"minecraft:diorite":9,"minecraft:torch":9,"minecraft:iron_leggings":1,"minecraft:moss_carpet":1,"minecraft:tuff":8,"minecraft:stone_shovel":1,"minecraft:clay_ball":64,"minecraft:big_dripleaf":2,"minecraft:spruce_planks":112,"minecraft:iron_chestplate":1,"minecraft:andesite":1,"minecraft:spider_eye":2,"minecraft:spruce_log":1,"minecraft:bow":9},"minecraft:crafted":{"minecraft:brick":64,"minecraft:grindstone":1,"minecraft:oak_planks":1512,"minecraft:cooked_chicken":1,"minecraft:stone":263,"minecraft:diamond_shovel":5,"minecraft:bookshelf":1,"minecraft:cooked_mutton":5,"minecraft:glass":29,"minecraft:stone_brick_slab":36,"minecraft:iron_boots":1,"minecraft:bow":10,"minecraft:chest":3,"minecraft:bricks":7,"minecraft:stone_bricks":256,"minecraft:flower_pot":4,"minecraft:arrow":144,"minecraft:emerald":192,"minecraft:cooked_porkchop":1,"minecraft:diamond_axe":2,"minecraft:crafting_table":10,"minecraft:spruce_planks":1320,"minecraft:wooden_pickaxe":2,"minecraft:baked_potato":6,"minecraft:iron_helmet":2,"minecraft:smithing_table":2,"minecraft:fletching_table":2,"minecraft:stone_brick_stairs":24,"minecraft:spruce_trapdoor":34,"minecraft:iron_chestplate":2,"minecraft:wooden_hoe":4,"minecraft:shield":2,"minecraft:stick":5931,"minecraft:stone_slab":6,"minecraft:iron_ingot":113,"minecraft:iron_pickaxe":6,"minecraft:iron_block":3,"minecraft:gold_ingot":4,"minecraft:shears":1,"minecraft:stone_shovel":2,"minecraft:furnace":2,"minecraft:bone_meal":96,"minecraft:spruce_fence":15,"minecraft:white_carpet":3,"minecraft:iron_axe":4,"minecraft:ladder":12,"minecraft:stone_pickaxe":8,"minecraft:cooked_beef":8,"minecraft:stone_axe":33,"minecraft:bread":4,"minecraft:air":0,"minecraft:oak_stairs":148,"minecraft:wooden_axe":2,"minecraft:iron_shovel":10,"minecraft:iron_leggings":2,"minecraft:stonecutter":1,"minecraft:anvil":1,"minecraft:white_bed":11,"minecraft:torch":204},"minecraft:killed":{"minecraft:cave_spider":5,"minecraft:witch":1,"minecraft:spider":6,"minecraft:skeleton":21,"minecraft:chicken":7,"minecraft:silverfish":3,"minecraft:pig":4,"minecraft:iron_golem":2,"minecraft:creeper":12,"minecraft:sheep":7,"minecraft:pillager":4,"minecraft:zombie":44,"minecraft:cow":3,"minecraft:enderman":2}},"DataVersion":3465}