{"stats":{"minecraft:killed_by":{"minecraft:skeleton":2},"minecraft:used":{"minecraft:stone_pickaxe":302,"minecraft:spruce_planks":1,"minecraft:shield":4,"minecraft:wooden_pickaxe":10,"minecraft:torch":17,"minecraft:mossy_cobblestone":2,"minecraft:dirt":9,"minecraft:crafting_table":4,"minecraft:white_bed":3,"minecraft:spruce_log":2,"minecraft:wooden_axe":45,"minecraft:black_wool":1,"minecraft:bread":9,"minecraft:iron_pickaxe":5,"minecraft:gravel":1,"minecraft:stone_axe":39,"minecraft:cobblestone":28,"minecraft:cooked_porkchop":3,"minecraft:cooked_beef":3,"minecraft:cobbled_deepslate":5},"minecraft:broken":{"minecraft:stone_pickaxe":1,"minecraft:wooden_axe":1},"minecraft:mined":{"minecraft:white_bed":2,"minecraft:mossy_cobblestone":2,"minecraft:deepslate_diamond_ore":1,"minecraft:brewing_stand":1,"minecraft:clay":2,"minecraft:crafting_table":2,"minecraft:grass_block":3,"minecraft:spruce_leaves":10,"minecraft:moss_block":2,"minecraft:spore_blossom":1,"minecraft:iron_ore":35,"minecraft:cobbled_deepslate":1,"minecraft:fire":2,"minecraft:spruce_log":34,"minecraft:andesite":1,"minecraft:deepslate_lapis_ore":2,"minecraft:grass":2,"minecraft:coal_ore":69,"minecraft:deepslate_iron_ore":5,"minecraft:gravel":1,"minecraft:stone":76,"minecraft:oak_leaves":3,"minecraft:deepslate":103,"minecraft:fern":1},"minecraft:dropped":{"minecraft:iron_ingot":1,"minecraft:diamond":1,"minecraft:spore_blossom":2,"minecraft:cobblestone":59,"minecraft:andesite":1,"minecraft:spruce_log":1},"minecraft:custom":{"minecraft:interact_with_furnace":2,"minecraft:mob_kills":19,"minecraft:interact_with_crafting_table":12,"minecraft:interact_with_stonecutter":1,"minecraft:leave_game":5,"minecraft:time_since_death":29116,"minecraft:sleep_in_bed":2,"minecraft:climb_one_cm":1253,"minecraft:time_since_rest":29217,"minecraft:sprint_one_cm":161126,"minecraft:damage_taken":1992,"minecraft:walk_one_cm":262215,"minecraft:damage_blocked_by_shield":140,"minecraft:drop":7,"minecraft:damage_dealt":3141,"minecraft:swim_one_cm":27982,"minecraft:talked_to_villager":4,"minecraft:fly_one_cm":129378,"minecraft:open_chest":12,"minecraft:crouch_one_cm":29692,"minecraft:play_time":83626,"minecraft:deaths":4,"minecraft:sneak_time":9153,"minecraft:walk_under_water_one_cm":19780,"minecraft:jump":1310,"minecraft:interact_with_blast_furnace":1,"minecraft:walk_on_water_one_cm":28251,"minecraft:total_world_time":83626,"minecraft:fall_one_cm":41363},"minecraft:crafted":{"minecraft:crafting_table":3,"minecraft:spruce_planks":40,"minecraft:iron_helmet":1,"minecraft:wooden_pickaxe":1,"minecraft:stone_axe":2,"minecraft:air":0,"minecraft:iron_chestplate":1,"minecraft:iron_boots":1,"minecraft:shield":1,"minecraft:stick":28,"minecraft:iron_ingot":10,"minecraft:stone_pickaxe":3,"minecraft:wooden_axe":1,"minecraft:iron_leggings":1,"minecraft:white_bed":1,"minecraft:torch":40},"minecraft:killed":{"minecraft:spider":1,"minecraft:sheep":3,"minecraft:skeleton":2,"minecraft:zombie":7,"minecraft:chicken":6},"minecraft:picked_up":{"minecraft:crafting_table":3,"minecraft:feather":14,"minecraft:cooked_beef":4,"minecraft:chicken":12,"minecraft:clay_ball":77,"minecraft:andesite":1,"minecraft:brown_wool":2,"minecraft:wooden_pickaxe":2,"minecraft:potato":10,"minecraft:brewing_stand":2,"minecraft:shield":1,"minecraft:lapis_lazuli":16,"minecraft:dirt":9,"minecraft:string":6,"minecraft:paper":9,"minecraft:moss_carpet":2,"minecraft:armor_stand":2,"minecraft:apple":4,"minecraft:wheat_seeds":2,"minecraft:cobbled_deepslate":102,"minecraft:spruce_planks":6,"minecraft:spore_blossom":2,"minecraft:stone_pickaxe":1,"minecraft:azalea":4,"minecraft:iron_pickaxe":1,"minecraft:moss_block":2,"minecraft:raw_iron":39,"minecraft:cooked_porkchop":3,"minecraft:torch":1,"minecraft:gravel":1,"minecraft:white_bed":3,"minecraft:spruce_log":55,"minecraft:mossy_cobblestone":2,"minecraft:pumpkin_seeds":2,"minecraft:arrow":1,"minecraft:rotten_flesh":17,"minecraft:diamond":3,"minecraft:stone_axe":1,"minecraft:iron_helmet":1,"minecraft:bread":6,"minecraft:saddle":1,"minecraft:gold_ingot":3,"minecraft:mutton":8,"minecraft:glow_berries":11,"minecraft:black_wool":2,"minecraft:obsidian":3,"minecraft:coal":114,"minecraft:white_wool":3,"minecraft:cobblestone":124}},"DataVersion":3465}