{"stats":{"minecraft:killed_by":{"minecraft:skeleton":2},"minecraft:picked_up":{"minecraft:iron_chestplate":1,"minecraft:wheat":38,"minecraft:anvil":1,"minecraft:flower_pot":3,"minecraft:smithing_table":2,"minecraft:lead":4,"minecraft:oak_stairs":49,"minecraft:brewing_stand":4,"minecraft:string":33,"minecraft:iron_leggings":1,"minecraft:armor_stand":2,"minecraft:cobbled_deepslate":249,"minecraft:spruce_planks":1041,"minecraft:azalea":6,"minecraft:iron_pickaxe":2,"minecraft:furnace":10,"minecraft:iron_boots":1,"minecraft:golden_helmet":1,"minecraft:stick":57,"minecraft:composter":8,"minecraft:big_dripleaf":2,"minecraft:oak_fence":15,"minecraft:torch":57,"minecraft:porkchop":8,"minecraft:diorite":18,"minecraft:rotten_flesh":113,"minecraft:tropical_fish":2,"minecraft:white_terracotta":2,"minecraft:obsidian":3,"minecraft:snowball":5,"minecraft:cobblestone":569,"minecraft:birch_log":31,"minecraft:feather":14,"minecraft:cooked_beef":17,"minecraft:andesite":2,"minecraft:black_bed":1,"minecraft:brown_wool":2,"minecraft:potato":41,"minecraft:flint":5,"minecraft:tuff":33,"minecraft:dirt":1383,"minecraft:lapis_lazuli":166,"minecraft:glass":27,"minecraft:bone":43,"minecraft:stonecutter":1,"minecraft:bow":2,"minecraft:wheat_seeds":166,"minecraft:raw_gold":8,"minecraft:bell":4,"minecraft:grindstone":1,"minecraft:fletching_table":5,"minecraft:moss_block":2,"minecraft:oak_planks":294,"minecraft:cooked_porkchop":5,"minecraft:axolotl_bucket":3,"minecraft:sand":100,"minecraft:grass_block":2,"minecraft:mossy_cobblestone":2,"minecraft:diamond":3,"minecraft:granite":2,"minecraft:bone_meal":2,"minecraft:golden_apple":2,"minecraft:emerald":2,"minecraft:bread":6,"minecraft:oak_sapling":84,"minecraft:charcoal":4,"minecraft:crafting_table":7,"minecraft:allium":8,"minecraft:azure_bluet":1,"minecraft:chicken":13,"minecraft:ladder":10,"minecraft:clay_ball":455,"minecraft:wooden_pickaxe":2,"minecraft:diamond_horse_armor":3,"minecraft:shield":2,"minecraft:moss_carpet":2,"minecraft:detector_rail":8,"minecraft:beef":6,"minecraft:lectern":13,"minecraft:iron_nugget":4,"minecraft:poppy":5,"minecraft:chest":1,"minecraft:birch_sapling":6,"minecraft:spruce_trapdoor":10,"minecraft:raw_iron":144,"minecraft:oak_door":5,"minecraft:spruce_fence":11,"minecraft:carrot":523,"minecraft:redstone":49,"minecraft:arrow":42,"minecraft:saddle":2,"minecraft:gold_ingot":11,"minecraft:glow_berries":11,"minecraft:mutton":14,"minecraft:white_wool":72,"minecraft:rail":17,"minecraft:oxeye_daisy":1,"minecraft:glow_ink_sac":2,"minecraft:leather":2,"minecraft:oak_log":563,"minecraft:gunpowder":28,"minecraft:paper":9,"minecraft:white_banner":1,"minecraft:apple":32,"minecraft:stone_bricks":1,"minecraft:spore_blossom":2,"minecraft:stone_pickaxe":2,"minecraft:iron_ingot":11,"minecraft:book":12,"minecraft:dandelion":1,"minecraft:gravel":63,"minecraft:spruce_sapling":41,"minecraft:white_bed":16,"minecraft:spruce_log":434,"minecraft:spider_eye":4,"minecraft:music_disc_mall":1,"minecraft:pumpkin_seeds":2,"minecraft:stone_axe":5,"minecraft:iron_helmet":1,"minecraft:melon_seeds":2,"minecraft:black_wool":2,"minecraft:coal":371},"minecraft:custom":{"minecraft:animals_bred":15,"minecraft:interact_with_crafting_table":97,"minecraft:bell_ring":57,"minecraft:leave_game":13,"minecraft:time_since_death":425897,"minecraft:sprint_one_cm":1562946,"minecraft:damage_blocked_by_shield":710,"minecraft:drop":81,"minecraft:talked_to_villager":112,"minecraft:play_time":551117,"minecraft:deaths":5,"minecraft:jump":9117,"minecraft:walk_on_water_one_cm":65216,"minecraft:interact_with_furnace":106,"minecraft:traded_with_villager":247,"minecraft:sleep_in_bed":28,"minecraft:damage_dealt":21616,"minecraft:crouch_one_cm":98380,"minecraft:interact_with_anvil":1,"minecraft:mob_kills":123,"minecraft:climb_one_cm":15168,"minecraft:walk_one_cm":1915836,"minecraft:sneak_time":31916,"minecraft:walk_under_water_one_cm":38846,"minecraft:interact_with_blast_furnace":1,"minecraft:total_world_time":551117,"minecraft:pot_flower":7,"minecraft:interact_with_grindstone":3,"minecraft:interact_with_stonecutter":2,"minecraft:time_since_rest":6398,"minecraft:damage_taken":4784,"minecraft:swim_one_cm":99844,"minecraft:fly_one_cm":1628429,"minecraft:open_chest":385,"minecraft:fall_one_cm":251353},"minecraft:mined":{"minecraft:oak_sapling":5,"minecraft:spruce_planks":27,"minecraft:white_bed":13,"minecraft:brewing_stand":3,"minecraft:spruce_trapdoor":10,"minecraft:grass_block":776,"minecraft:stone_brick_wall":2,"minecraft:composter":8,"minecraft:oxeye_daisy":1,"minecraft:chiseled_stone_bricks":1,"minecraft:spawner":1,"minecraft:iron_ore":124,"minecraft:fire":2,"minecraft:cobbled_deepslate":16,"minecraft:anvil":1,"minecraft:fletching_table":5,"minecraft:deepslate_lapis_ore":8,"minecraft:azure_bluet":1,"minecraft:oak_stairs":50,"minecraft:deepslate_redstone_ore":5,"minecraft:clay":15,"minecraft:torch":7,"minecraft:chest":2,"minecraft:glass":29,"minecraft:cobblestone":21,"minecraft:grindstone":1,"minecraft:oak_planks":296,"minecraft:wall_torch":18,"minecraft:white_terracotta":2,"minecraft:birch_log":31,"minecraft:wheat":51,"minecraft:black_bed":1,"minecraft:potted_poppy":2,"minecraft:stone_brick_stairs":1,"minecraft:grass":119,"minecraft:oak_log":570,"minecraft:sand":100,"minecraft:dirt":531,"minecraft:stonecutter":1,"minecraft:oak_leaves":140,"minecraft:deepslate":183,"minecraft:tuff":25,"minecraft:mossy_cobblestone":2,"minecraft:deepslate_diamond_ore":1,"minecraft:oak_door":4,"minecraft:ladder":10,"minecraft:spruce_fence":10,"minecraft:spruce_leaves":19,"minecraft:moss_block":2,"minecraft:spore_blossom":1,"minecraft:redstone_ore":4,"minecraft:spruce_sapling":24,"minecraft:furnace":10,"minecraft:carrots":131,"minecraft:snow":1,"minecraft:andesite":2,"minecraft:bell":4,"minecraft:bookshelf":4,"minecraft:potatoes":10,"minecraft:deepslate_iron_ore":18,"minecraft:rail":1,"minecraft:stone":492,"minecraft:potted_allium":1,"minecraft:smithing_table":2,"minecraft:podzol":1,"minecraft:glass_pane":2,"minecraft:snow_block":1,"minecraft:dandelion":1,"minecraft:oak_fence":16,"minecraft:cornflower":1,"minecraft:crafting_table":8,"minecraft:emerald_ore":1,"minecraft:lectern":13,"minecraft:tall_grass":28,"minecraft:lapis_ore":11,"minecraft:diorite":9,"minecraft:big_dripleaf":1,"minecraft:spruce_log":415,"minecraft:birch_leaves":34,"minecraft:coal_ore":250,"minecraft:gravel":56,"minecraft:stone_bricks":1,"minecraft:gold_ore":8,"minecraft:fern":1,"minecraft:infested_stone":2},"minecraft:broken":{"minecraft:iron_shovel":4,"minecraft:stone_pickaxe":6,"minecraft:stone_axe":9,"minecraft:wooden_axe":1,"minecraft:stone_shovel":1,"minecraft:stone_hoe":1,"minecraft:wooden_pickaxe":1,"minecraft:iron_axe":3,"minecraft:iron_pickaxe":1,"minecraft:wooden_hoe":3},"minecraft:used":{"minecraft:iron_shovel":1178,"minecraft:ladder":20,"minecraft:chest":4,"minecraft:shield":25,"minecraft:bell":4,"minecraft:rotten_flesh":6,"minecraft:carrot":270,"minecraft:tuff":17,"minecraft:snowball":5,"minecraft:milk_bucket":2,"minecraft:glass":15,"minecraft:bricks":4,"minecraft:stone_bricks":44,"minecraft:bow":44,"minecraft:oak_sapling":48,"minecraft:furnace":11,"minecraft:potato":21,"minecraft:stone_pickaxe":952,"minecraft:oak_planks":404,"minecraft:wooden_pickaxe":42,"minecraft:composter":5,"minecraft:diamond_axe":5,"minecraft:golden_apple":1,"minecraft:black_bed":1,"minecraft:bread":22,"minecraft:lectern":13,"minecraft:gravel":38,"minecraft:grindstone":2,"minecraft:smithing_table":3,"minecraft:bone_meal":96,"minecraft:oak_fence":3,"minecraft:tropical_fish":1,"minecraft:stone_shovel":234,"minecraft:spruce_planks":179,"minecraft:stone_hoe":106,"minecraft:cooked_chicken":5,"minecraft:oak_door":3,"minecraft:torch":188,"minecraft:brewing_stand":2,"minecraft:dirt":741,"minecraft:anvil":2,"minecraft:white_carpet":3,"minecraft:spruce_fence":31,"minecraft:wooden_axe":63,"minecraft:iron_axe":866,"minecraft:oak_stairs":195,"minecraft:cooked_beef":34,"minecraft:cobbled_deepslate":174,"minecraft:wheat_seeds":105,"minecraft:cooked_mutton":5,"minecraft:water_bucket":10,"minecraft:baked_potato":6,"minecraft:stonecutter":1,"minecraft:fletching_table":7,"minecraft:mossy_cobblestone":2,"minecraft:crafting_table":16,"minecraft:white_bed":18,"minecraft:spruce_log":2,"minecraft:oak_log":60,"minecraft:wooden_hoe":225,"minecraft:flower_pot":7,"minecraft:black_wool":1,"minecraft:iron_pickaxe":282,"minecraft:spruce_trapdoor":31,"minecraft:spruce_sapling":37,"minecraft:stone_axe":1052,"minecraft:cobblestone":163,"minecraft:cooked_porkchop":11,"minecraft:bucket":10},"minecraft:dropped":{"minecraft:moss_block":2,"minecraft:cooked_beef":7,"minecraft:diamond":1,"minecraft:spore_blossom":2,"minecraft:leather":1,"minecraft:bone_meal":1,"minecraft:bone":8,"minecraft:gravel":12,"minecraft:stone_axe":12,"minecraft:iron_nugget":4,"minecraft:detector_rail":8,"minecraft:cobbled_deepslate":27,"minecraft:rotten_flesh":20,"minecraft:oak_planks":19,"minecraft:carrot":195,"minecraft:poppy":1,"minecraft:charcoal":2,"minecraft:azalea":1,"minecraft:arrow":10,"minecraft:iron_ingot":2,"minecraft:wheat_seeds":25,"minecraft:iron_helmet":1,"minecraft:cobblestone":68,"minecraft:tropical_fish":1,"minecraft:grass_block":1,"minecraft:stick":3,"minecraft:diorite":9,"minecraft:torch":9,"minecraft:iron_leggings":1,"minecraft:moss_carpet":1,"minecraft:tuff":8,"minecraft:stone_shovel":1,"minecraft:clay_ball":64,"minecraft:big_dripleaf":2,"minecraft:spruce_planks":112,"minecraft:iron_chestplate":1,"minecraft:andesite":1,"minecraft:spider_eye":2,"minecraft:spruce_log":1,"minecraft:bow":9},"minecraft:crafted":{"minecraft:brick":64,"minecraft:grindstone":1,"minecraft:oak_planks":1500,"minecraft:cooked_chicken":1,"minecraft:stone":54,"minecraft:diamond_shovel":5,"minecraft:bookshelf":1,"minecraft:cooked_mutton":5,"minecraft:glass":29,"minecraft:bow":10,"minecraft:iron_boots":1,"minecraft:chest":3,"minecraft:bricks":7,"minecraft:stone_bricks":48,"minecraft:flower_pot":4,"minecraft:arrow":144,"minecraft:emerald":192,"minecraft:cooked_porkchop":1,"minecraft:diamond_axe":2,"minecraft:crafting_table":10,"minecraft:spruce_planks":1296,"minecraft:wooden_pickaxe":2,"minecraft:baked_potato":6,"minecraft:iron_helmet":2,"minecraft:smithing_table":2,"minecraft:fletching_table":2,"minecraft:spruce_trapdoor":24,"minecraft:iron_chestplate":2,"minecraft:wooden_hoe":4,"minecraft:shield":2,"minecraft:stick":5923,"minecraft:stone_slab":6,"minecraft:iron_ingot":113,"minecraft:iron_pickaxe":6,"minecraft:iron_block":3,"minecraft:gold_ingot":4,"minecraft:shears":1,"minecraft:stone_shovel":2,"minecraft:furnace":2,"minecraft:bone_meal":96,"minecraft:white_carpet":3,"minecraft:iron_axe":4,"minecraft:ladder":12,"minecraft:stone_pickaxe":8,"minecraft:cooked_beef":8,"minecraft:stone_axe":33,"minecraft:bread":4,"minecraft:air":0,"minecraft:oak_stairs":148,"minecraft:wooden_axe":2,"minecraft:iron_shovel":10,"minecraft:anvil":1,"minecraft:iron_leggings":2,"minecraft:stonecutter":1,"minecraft:white_bed":7,"minecraft:torch":204},"minecraft:killed":{"minecraft:cave_spider":5,"minecraft:witch":1,"minecraft:spider":6,"minecraft:skeleton":21,"minecraft:chicken":7,"minecraft:silverfish":3,"minecraft:pig":4,"minecraft:iron_golem":2,"minecraft:creeper":12,"minecraft:sheep":7,"minecraft:pillager":4,"minecraft:zombie":43,"minecraft:cow":3,"minecraft:enderman":2}},"DataVersion":3465}