{"stats":{"minecraft:used":{"minecraft:wooden_axe":40,"minecraft:crafting_table":3,"minecraft:spruce_planks":19,"minecraft:wooden_pickaxe":6},"minecraft:mined":{"minecraft:mossy_cobblestone":6,"minecraft:spruce_leaves":17,"minecraft:spruce_log":30,"minecraft:crafting_table":2},"minecraft:custom":{"minecraft:time_since_rest":6000,"minecraft:crouch_one_cm":85,"minecraft:play_time":6000,"minecraft:sprint_one_cm":11679,"minecraft:damage_taken":175,"minecraft:walk_one_cm":18054,"minecraft:sneak_time":39,"minecraft:mob_kills":1,"minecraft:jump":101,"minecraft:damage_dealt":447,"minecraft:walk_on_water_one_cm":95,"minecraft:time_since_death":6000,"minecraft:total_world_time":6000,"minecraft:fall_one_cm":2798,"minecraft:interact_with_crafting_table":4,"minecraft:fly_one_cm":14529},"minecraft:crafted":{"minecraft:crafting_table":1,"minecraft:spruce_planks":92,"minecraft:stick":8,"minecraft:wooden_pickaxe":1,"minecraft:wooden_axe":1},"minecraft:killed":{"minecraft:zombie":1},"minecraft:picked_up":{"minecraft:crafting_table":2,"minecraft:spruce_sapling":2,"minecraft:spruce_log":30,"minecraft:mossy_cobblestone":5}},"DataVersion":3465}