{"stats":{"minecraft:killed_by":{"minecraft:spider":1},"minecraft:picked_up":{"minecraft:chiseled_deepslate":1,"minecraft:iron_chestplate":3,"minecraft:wheat":45,"minecraft:lead":4,"minecraft:diamond_sword":2,"minecraft:oak_stairs":4,"minecraft:string":45,"minecraft:cooked_salmon":1,"minecraft:iron_leggings":2,"minecraft:beetroot":1,"minecraft:gold_nugget":7,"minecraft:cobbled_deepslate":128,"minecraft:smooth_stone":4,"minecraft:spruce_planks":385,"minecraft:azalea":6,"minecraft:iron_pickaxe":1,"minecraft:iron_boots":1,"minecraft:furnace":12,"minecraft:blue_wool":1,"minecraft:stick":85,"minecraft:big_dripleaf":3,"minecraft:oak_fence":3,"minecraft:torch":35,"minecraft:porkchop":47,"minecraft:diorite":12,"minecraft:rotten_flesh":122,"minecraft:light_blue_wool":2,"minecraft:tropical_fish":3,"minecraft:cobblestone":525,"minecraft:feather":6,"minecraft:cooked_beef":7,"minecraft:andesite":24,"minecraft:brown_wool":2,"minecraft:black_bed":6,"minecraft:potato":13,"minecraft:flint":8,"minecraft:tuff":15,"minecraft:dirt":986,"minecraft:glass":3,"minecraft:bone":45,"minecraft:bow":21,"minecraft:wheat_seeds":193,"minecraft:raw_gold":7,"minecraft:moss_block":33,"minecraft:oak_planks":128,"minecraft:stone_hoe":1,"minecraft:cooked_porkchop":3,"minecraft:axolotl_bucket":2,"minecraft:sand":144,"minecraft:ink_sac":1,"minecraft:mossy_cobblestone":8,"minecraft:white_candle":1,"minecraft:diamond":21,"minecraft:soul_lantern":3,"minecraft:granite":9,"minecraft:bread":34,"minecraft:emerald":4,"minecraft:oak_sapling":50,"minecraft:dark_oak_fence":2,"minecraft:charcoal":6,"minecraft:crafting_table":16,"minecraft:allium":5,"minecraft:azure_bluet":8,"minecraft:chicken":7,"minecraft:clay_ball":476,"minecraft:brown_mushroom":5,"minecraft:wooden_pickaxe":2,"minecraft:stone_brick_wall":1,"minecraft:shield":2,"minecraft:cornflower":2,"minecraft:iron_axe":1,"minecraft:moss_carpet":15,"minecraft:flint_and_steel":5,"minecraft:detector_rail":4,"minecraft:beef":53,"minecraft:iron_nugget":15,"minecraft:poppy":3,"minecraft:chest":9,"minecraft:birch_sapling":6,"minecraft:raw_iron":103,"minecraft:sandstone":8,"minecraft:copper_ingot":1,"minecraft:spruce_fence":5,"minecraft:fire_charge":1,"minecraft:carrot":66,"minecraft:redstone":9,"minecraft:prismarine_crystals":3,"minecraft:arrow":40,"minecraft:stone_shovel":1,"minecraft:beetroot_seeds":2,"minecraft:deepslate_bricks":1,"minecraft:hay_block":1,"minecraft:saddle":1,"minecraft:glow_berries":1,"minecraft:mutton":9,"minecraft:white_wool":7,"minecraft:glow_ink_sac":2,"minecraft:salmon":2,"minecraft:leather":48,"minecraft:filled_map":1,"minecraft:oak_log":97,"minecraft:yellow_bed":4,"minecraft:gunpowder":21,"minecraft:blue_bed":1,"minecraft:paper":12,"minecraft:cooked_mutton":6,"minecraft:apple":37,"minecraft:kelp":15,"minecraft:spore_blossom":1,"minecraft:iron_ingot":12,"minecraft:stone_pickaxe":1,"minecraft:cooked_chicken":2,"minecraft:flowering_azalea":3,"minecraft:sweet_berries":11,"minecraft:dandelion":25,"minecraft:gravel":4,"minecraft:soul_torch":2,"minecraft:spruce_sapling":54,"minecraft:white_bed":2,"minecraft:spruce_log":366,"minecraft:spruce_door":4,"minecraft:spider_eye":7,"minecraft:stone_axe":2,"minecraft:iron_helmet":3,"minecraft:melon_seeds":1,"minecraft:black_wool":1,"minecraft:coal":114,"minecraft:ender_pearl":1},"minecraft:custom":{"minecraft:animals_bred":20,"minecraft:interact_with_crafting_table":117,"minecraft:bell_ring":1,"minecraft:leave_game":2,"minecraft:time_since_death":348726,"minecraft:sprint_one_cm":1234612,"minecraft:damage_blocked_by_shield":1085,"minecraft:drop":162,"minecraft:talked_to_villager":21,"minecraft:play_time":481295,"minecraft:deaths":4,"minecraft:jump":8674,"minecraft:interact_with_brewingstand":2,"minecraft:walk_on_water_one_cm":112289,"minecraft:interact_with_furnace":251,"minecraft:traded_with_villager":3,"minecraft:interact_with_cartography_table":1,"minecraft:interact_with_loom":2,"minecraft:sleep_in_bed":18,"minecraft:damage_dealt":34469,"minecraft:crouch_one_cm":75513,"minecraft:horse_one_cm":1859,"minecraft:mob_kills":191,"minecraft:climb_one_cm":3913,"minecraft:walk_one_cm":1392356,"minecraft:sneak_time":21563,"minecraft:walk_under_water_one_cm":96432,"minecraft:boat_one_cm":1116495,"minecraft:interact_with_blast_furnace":3,"minecraft:total_world_time":481295,"minecraft:interact_with_grindstone":1,"minecraft:interact_with_stonecutter":1,"minecraft:time_since_rest":9992,"minecraft:damage_taken":5864,"minecraft:swim_one_cm":355815,"minecraft:fly_one_cm":1589476,"minecraft:open_chest":492,"minecraft:fall_one_cm":237074},"minecraft:mined":{"minecraft:spruce_planks":14,"minecraft:white_bed":3,"minecraft:sculk_vein":1,"minecraft:granite":9,"minecraft:grass_block":681,"minecraft:stone_brick_wall":1,"minecraft:deepslate_bricks":1,"minecraft:blue_wool":1,"minecraft:smooth_stone":1,"minecraft:sculk_catalyst":1,"minecraft:iron_ore":77,"minecraft:fire":5,"minecraft:moss_carpet":1,"minecraft:azure_bluet":3,"minecraft:cave_vines":2,"minecraft:oak_stairs":3,"minecraft:azalea":3,"minecraft:deepslate_redstone_ore":2,"minecraft:soul_wall_torch":2,"minecraft:brown_mushroom":1,"minecraft:soul_lantern":3,"minecraft:clay":12,"minecraft:torch":6,"minecraft:poppy":2,"minecraft:chest":8,"minecraft:dead_bush":1,"minecraft:mushroom_stem":2,"minecraft:glass":1,"minecraft:cobblestone":14,"minecraft:white_candle":2,"minecraft:oak_planks":106,"minecraft:wall_torch":12,"minecraft:wheat":45,"minecraft:black_bed":5,"minecraft:grass":162,"minecraft:oak_log":97,"minecraft:beetroots":1,"minecraft:sand":142,"minecraft:dirt":230,"minecraft:red_mushroom_block":1,"minecraft:oak_leaves":22,"minecraft:deepslate":127,"minecraft:tuff":15,"minecraft:light_blue_wool":2,"minecraft:mossy_cobblestone":8,"minecraft:deepslate_diamond_ore":22,"minecraft:sea_lantern":1,"minecraft:glow_lichen":1,"minecraft:dark_oak_fence":6,"minecraft:spruce_fence":7,"minecraft:spruce_leaves":145,"minecraft:moss_block":29,"minecraft:sandstone":8,"minecraft:large_fern":3,"minecraft:hay_block":1,"minecraft:spore_blossom":2,"minecraft:spruce_sapling":1,"minecraft:furnace":10,"minecraft:carrots":24,"minecraft:andesite":24,"minecraft:chiseled_deepslate":2,"minecraft:potatoes":4,"minecraft:deepslate_iron_ore":11,"minecraft:stone":299,"minecraft:podzol":1,"minecraft:flowering_azalea":2,"minecraft:glass_pane":1,"minecraft:dandelion":16,"minecraft:spruce_door":2,"minecraft:oak_fence":1,"minecraft:crafting_table":13,"minecraft:cornflower":2,"minecraft:emerald_ore":2,"minecraft:sculk_sensor":4,"minecraft:campfire":1,"minecraft:tall_grass":28,"minecraft:deepslate_gold_ore":3,"minecraft:sculk":5,"minecraft:diorite":12,"minecraft:blue_bed":1,"minecraft:sweet_berry_bush":6,"minecraft:spruce_log":339,"minecraft:yellow_bed":4,"minecraft:bee_nest":1,"minecraft:coal_ore":90,"minecraft:gravel":5,"minecraft:small_dripleaf":3,"minecraft:gold_ore":2,"minecraft:fern":13},"minecraft:broken":{"minecraft:iron_shovel":1,"minecraft:stone_pickaxe":1,"minecraft:stone_axe":4,"minecraft:wooden_axe":1,"minecraft:stone_shovel":6,"minecraft:iron_axe":1},"minecraft:used":{"minecraft:beetroot":1,"minecraft:moss_block":27,"minecraft:moss_carpet":1,"minecraft:iron_shovel":273,"minecraft:diamond_hoe":15,"minecraft:poppy":2,"minecraft:oak_sign":1,"minecraft:chest":26,"minecraft:shield":35,"minecraft:sculk_sensor":1,"minecraft:iron_chestplate":2,"minecraft:carrot":31,"minecraft:tuff":11,"minecraft:axolotl_bucket":1,"minecraft:azure_bluet":4,"minecraft:spruce_boat":1,"minecraft:glass":88,"minecraft:iron_helmet":1,"minecraft:sweet_berries":7,"minecraft:furnace":16,"minecraft:oak_sapling":28,"minecraft:potato":7,"minecraft:diorite":1,"minecraft:spruce_door":7,"minecraft:stone_pickaxe":130,"minecraft:oak_planks":260,"minecraft:wooden_pickaxe":23,"minecraft:sandstone":32,"minecraft:redstone_block":2,"minecraft:sand":2,"minecraft:black_bed":6,"minecraft:bread":28,"minecraft:spore_blossom":1,"minecraft:diamond_sword":408,"minecraft:andesite":1,"minecraft:oak_boat":1,"minecraft:bone_meal":36,"minecraft:experience_bottle":1,"minecraft:oak_fence":1,"minecraft:flint_and_steel":3,"minecraft:tropical_fish":2,"minecraft:stone_shovel":698,"minecraft:spruce_planks":294,"minecraft:cooked_salmon":1,"minecraft:stone_hoe":49,"minecraft:cooked_chicken":2,"minecraft:torch":49,"minecraft:dirt":912,"minecraft:granite":9,"minecraft:spruce_fence":56,"minecraft:wooden_axe":51,"minecraft:iron_axe":424,"minecraft:oak_stairs":18,"minecraft:cooked_beef":8,"minecraft:cobbled_deepslate":125,"minecraft:wheat_seeds":55,"minecraft:cooked_mutton":9,"minecraft:water_bucket":35,"minecraft:spruce_fence_gate":1,"minecraft:deepslate_bricks":1,"minecraft:salmon":1,"minecraft:mossy_cobblestone":6,"minecraft:rail":8,"minecraft:crafting_table":23,"minecraft:white_bed":1,"minecraft:oak_log":1,"minecraft:diamond_pickaxe":130,"minecraft:cornflower":2,"minecraft:chicken":1,"minecraft:iron_pickaxe":523,"minecraft:map":1,"minecraft:spruce_sapling":19,"minecraft:stone_axe":521,"minecraft:fishing_rod":1,"minecraft:cobblestone":186,"minecraft:cooked_porkchop":40,"minecraft:porkchop":1,"minecraft:bucket":38,"minecraft:yellow_bed":3,"minecraft:dandelion":18,"minecraft:soul_torch":12},"minecraft:dropped":{"minecraft:moss_block":1,"minecraft:brown_mushroom":4,"minecraft:cooked_beef":4,"minecraft:cooked_porkchop":5,"minecraft:glow_berries":1,"minecraft:leather":9,"minecraft:flint":2,"minecraft:sand":2,"minecraft:bone":13,"minecraft:detector_rail":4,"minecraft:wheat":9,"minecraft:blue_wool":1,"minecraft:rotten_flesh":22,"minecraft:cooked_mutton":3,"minecraft:azure_bluet":2,"minecraft:white_bed":1,"minecraft:carrot":4,"minecraft:poppy":1,"minecraft:beetroot_seeds":2,"minecraft:stone_brick_wall":1,"minecraft:azalea":1,"minecraft:arrow":10,"minecraft:water_bucket":1,"minecraft:wheat_seeds":22,"minecraft:mossy_cobblestone":2,"minecraft:feather":4,"minecraft:oak_fence":1,"minecraft:cobblestone":94,"minecraft:apple":18,"minecraft:stick":34,"minecraft:diorite":11,"minecraft:torch":12,"minecraft:light_blue_wool":2,"minecraft:brown_wool":1,"minecraft:flowering_azalea":2,"minecraft:smooth_stone":3,"minecraft:paper":6,"minecraft:string":18,"minecraft:music_disc_cat":1,"minecraft:moss_carpet":5,"minecraft:kelp":5,"minecraft:sweet_berries":4,"minecraft:clay_ball":215,"minecraft:flint_and_steel":1,"minecraft:filled_map":5,"minecraft:diamond_sword":2,"minecraft:big_dripleaf":1,"minecraft:potato":8,"minecraft:spruce_planks":4,"minecraft:andesite":1,"minecraft:yellow_bed":1,"minecraft:spider_eye":4,"minecraft:spruce_log":37,"minecraft:bow":12,"minecraft:wooden_pickaxe":1,"minecraft:raw_gold":1,"minecraft:black_wool":1},"minecraft:crafted":{"minecraft:black_dye":1,"minecraft:oak_planks":384,"minecraft:oak_sign":3,"minecraft:cooked_chicken":6,"minecraft:cooked_mutton":9,"minecraft:glass":69,"minecraft:iron_boots":3,"minecraft:chest":17,"minecraft:stone_hoe":1,"minecraft:arrow":48,"minecraft:cooked_porkchop":51,"minecraft:crafting_table":11,"minecraft:spruce_planks":1160,"minecraft:wooden_pickaxe":1,"minecraft:spruce_door":3,"minecraft:iron_chestplate":1,"minecraft:diamond_pickaxe":1,"minecraft:shield":2,"minecraft:stick":144,"minecraft:iron_ingot":72,"minecraft:iron_pickaxe":6,"minecraft:gold_ingot":2,"minecraft:sandstone":28,"minecraft:black_bed":1,"minecraft:spruce_fence_gate":1,"minecraft:stone_shovel":5,"minecraft:furnace":5,"minecraft:bone_meal":36,"minecraft:spruce_fence":51,"minecraft:iron_axe":4,"minecraft:stone_pickaxe":1,"minecraft:spruce_boat":1,"minecraft:redstone_block":2,"minecraft:wheat":9,"minecraft:cooked_beef":27,"minecraft:diamond_sword":1,"minecraft:cooked_salmon":1,"minecraft:bucket":2,"minecraft:stone_axe":5,"minecraft:air":0,"minecraft:oak_boat":1,"minecraft:wooden_axe":1,"minecraft:oak_stairs":16,"minecraft:iron_shovel":1,"minecraft:iron_leggings":1,"minecraft:torch":28},"minecraft:killed":{"minecraft:witch":1,"minecraft:spider":11,"minecraft:skeleton":29,"minecraft:bee":3,"minecraft:chicken":7,"minecraft:axolotl":1,"minecraft:tropical_fish":1,"minecraft:pig":24,"minecraft:zombie_villager":2,"minecraft:salmon":3,"minecraft:creeper":2,"minecraft:sheep":7,"minecraft:trader_llama":2,"minecraft:pillager":6,"minecraft:zombie":61,"minecraft:cow":20,"minecraft:drowned":4,"minecraft:wandering_trader":1,"minecraft:enderman":3}},"DataVersion":3465}