{"stats":{"minecraft:broken":{"minecraft:stone_axe":1,"minecraft:wooden_axe":1},"minecraft:used":{"minecraft:cooked_mutton":2,"minecraft:diorite":1,"minecraft:stone_pickaxe":110,"minecraft:shield":1,"minecraft:spruce_planks":28,"minecraft:wooden_pickaxe":20,"minecraft:iron_chestplate":2,"minecraft:mossy_cobblestone":6,"minecraft:dirt":21,"minecraft:crafting_table":8,"minecraft:granite":1,"minecraft:wooden_axe":51,"minecraft:map":1,"minecraft:iron_helmet":1,"minecraft:stone_axe":104,"minecraft:sweet_berries":4,"minecraft:porkchop":1,"minecraft:furnace":5,"minecraft:cooked_porkchop":6,"minecraft:andesite":1},"minecraft:dropped":{"minecraft:sweet_berries":4,"minecraft:wheat_seeds":2,"minecraft:mossy_cobblestone":2,"minecraft:cooked_porkchop":3,"minecraft:feather":2,"minecraft:cobblestone":34,"minecraft:clay_ball":8,"minecraft:cooked_mutton":3,"minecraft:filled_map":1,"minecraft:andesite":1,"minecraft:brown_wool":1,"minecraft:spider_eye":2,"minecraft:string":2,"minecraft:black_wool":1},"minecraft:mined":{"minecraft:spruce_planks":1,"minecraft:mossy_cobblestone":7,"minecraft:clay":1,"minecraft:crafting_table":4,"minecraft:glow_lichen":1,"minecraft:granite":1,"minecraft:spruce_fence":1,"minecraft:grass_block":7,"minecraft:campfire":1,"minecraft:spruce_leaves":22,"minecraft:diorite":1,"minecraft:blue_bed":1,"minecraft:large_fern":2,"minecraft:furnace":4,"minecraft:iron_ore":18,"minecraft:fire":5,"minecraft:sweet_berry_bush":5,"minecraft:spruce_log":58,"minecraft:coal_ore":28,"minecraft:dirt":11,"minecraft:stone":60,"minecraft:small_dripleaf":1,"minecraft:oak_leaves":2,"minecraft:fern":2},"minecraft:custom":{"minecraft:interact_with_furnace":26,"minecraft:mob_kills":21,"minecraft:interact_with_cartography_table":1,"minecraft:interact_with_crafting_table":14,"minecraft:interact_with_grindstone":1,"minecraft:interact_with_stonecutter":1,"minecraft:time_since_death":6630,"minecraft:sleep_in_bed":1,"minecraft:climb_one_cm":925,"minecraft:time_since_rest":6721,"minecraft:sprint_one_cm":135657,"minecraft:damage_taken":734,"minecraft:walk_one_cm":113674,"minecraft:damage_blocked_by_shield":30,"minecraft:drop":23,"minecraft:damage_dealt":2751,"minecraft:swim_one_cm":22680,"minecraft:talked_to_villager":12,"minecraft:fly_one_cm":146425,"minecraft:open_chest":7,"minecraft:crouch_one_cm":689,"minecraft:play_time":42000,"minecraft:deaths":1,"minecraft:sneak_time":390,"minecraft:walk_under_water_one_cm":4780,"minecraft:jump":883,"minecraft:interact_with_blast_furnace":3,"minecraft:walk_on_water_one_cm":6631,"minecraft:total_world_time":42000,"minecraft:fall_one_cm":23648},"minecraft:crafted":{"minecraft:black_dye":1,"minecraft:cooked_porkchop":10,"minecraft:crafting_table":4,"minecraft:spruce_planks":268,"minecraft:cooked_chicken":2,"minecraft:wooden_pickaxe":1,"minecraft:furnace":1,"minecraft:cooked_salmon":1,"minecraft:stone_axe":2,"minecraft:cooked_mutton":3,"minecraft:air":0,"minecraft:shield":1,"minecraft:iron_axe":1,"minecraft:stick":8,"minecraft:iron_ingot":3,"minecraft:stone_pickaxe":1,"minecraft:wooden_axe":1,"minecraft:black_bed":1},"minecraft:killed":{"minecraft:pig":7,"minecraft:salmon":1,"minecraft:spider":2,"minecraft:skeleton":1,"minecraft:sheep":2,"minecraft:zombie":3,"minecraft:chicken":2,"minecraft:axolotl":1,"minecraft:cow":2},"minecraft:picked_up":{"minecraft:iron_chestplate":1,"minecraft:charcoal":4,"minecraft:crafting_table":4,"minecraft:feather":2,"minecraft:chicken":2,"minecraft:clay_ball":8,"minecraft:andesite":2,"minecraft:salmon":1,"minecraft:black_bed":1,"minecraft:brown_wool":1,"minecraft:wooden_pickaxe":1,"minecraft:flint":2,"minecraft:shield":1,"minecraft:paper":3,"minecraft:dirt":68,"minecraft:string":2,"minecraft:blue_bed":1,"minecraft:cooked_salmon":1,"minecraft:cooked_mutton":6,"minecraft:wheat_seeds":2,"minecraft:spruce_planks":214,"minecraft:iron_ingot":3,"minecraft:beef":10,"minecraft:stone_pickaxe":1,"minecraft:cooked_chicken":2,"minecraft:iron_nugget":4,"minecraft:furnace":5,"minecraft:stick":14,"minecraft:raw_iron":18,"minecraft:cooked_porkchop":1,"minecraft:sweet_berries":8,"minecraft:porkchop":11,"minecraft:spruce_sapling":20,"minecraft:ink_sac":1,"minecraft:diorite":1,"minecraft:spruce_log":59,"minecraft:spider_eye":2,"minecraft:mossy_cobblestone":8,"minecraft:arrow":1,"minecraft:stone_axe":1,"minecraft:iron_helmet":1,"minecraft:granite":1,"minecraft:bread":18,"minecraft:emerald":1,"minecraft:black_wool":1,"minecraft:mutton":3,"minecraft:coal":52,"minecraft:cobblestone":176}},"DataVersion":3465}