{"stats":{"minecraft:killed_by":{"minecraft:spider":1},"minecraft:picked_up":{"minecraft:iron_chestplate":3,"minecraft:wheat":20,"minecraft:lead":2,"minecraft:diamond_sword":2,"minecraft:oak_stairs":4,"minecraft:string":17,"minecraft:cooked_salmon":1,"minecraft:iron_leggings":2,"minecraft:smooth_stone":4,"minecraft:cobbled_deepslate":128,"minecraft:spruce_planks":375,"minecraft:azalea":6,"minecraft:iron_pickaxe":1,"minecraft:furnace":12,"minecraft:iron_boots":1,"minecraft:stick":81,"minecraft:big_dripleaf":3,"minecraft:oak_fence":3,"minecraft:torch":18,"minecraft:porkchop":37,"minecraft:diorite":12,"minecraft:rotten_flesh":52,"minecraft:tropical_fish":2,"minecraft:cobblestone":472,"minecraft:feather":6,"minecraft:cooked_beef":7,"minecraft:andesite":24,"minecraft:black_bed":6,"minecraft:brown_wool":2,"minecraft:flint":8,"minecraft:tuff":15,"minecraft:dirt":915,"minecraft:bone":30,"minecraft:bow":3,"minecraft:wheat_seeds":103,"minecraft:raw_gold":7,"minecraft:moss_block":33,"minecraft:oak_planks":109,"minecraft:cooked_porkchop":1,"minecraft:axolotl_bucket":1,"minecraft:sand":28,"minecraft:ink_sac":1,"minecraft:mossy_cobblestone":8,"minecraft:diamond":19,"minecraft:granite":9,"minecraft:emerald":4,"minecraft:bread":34,"minecraft:oak_sapling":28,"minecraft:charcoal":6,"minecraft:crafting_table":15,"minecraft:azure_bluet":4,"minecraft:chicken":7,"minecraft:clay_ball":142,"minecraft:brown_mushroom":5,"minecraft:wooden_pickaxe":2,"minecraft:stone_brick_wall":1,"minecraft:shield":2,"minecraft:cornflower":2,"minecraft:iron_axe":1,"minecraft:moss_carpet":15,"minecraft:detector_rail":4,"minecraft:beef":41,"minecraft:iron_nugget":12,"minecraft:poppy":3,"minecraft:chest":1,"minecraft:raw_iron":103,"minecraft:copper_ingot":1,"minecraft:spruce_fence":5,"minecraft:carrot":25,"minecraft:redstone":9,"minecraft:arrow":32,"minecraft:stone_shovel":1,"minecraft:hay_block":1,"minecraft:glow_berries":1,"minecraft:mutton":9,"minecraft:white_wool":4,"minecraft:salmon":2,"minecraft:leather":18,"minecraft:filled_map":1,"minecraft:oak_log":97,"minecraft:yellow_bed":2,"minecraft:gunpowder":1,"minecraft:blue_bed":1,"minecraft:paper":12,"minecraft:cooked_mutton":6,"minecraft:apple":1,"minecraft:kelp":15,"minecraft:spore_blossom":1,"minecraft:iron_ingot":12,"minecraft:stone_pickaxe":1,"minecraft:cooked_chicken":2,"minecraft:flowering_azalea":3,"minecraft:sweet_berries":11,"minecraft:dandelion":17,"minecraft:gravel":4,"minecraft:spruce_sapling":39,"minecraft:white_bed":1,"minecraft:spruce_log":260,"minecraft:spruce_door":4,"minecraft:spider_eye":6,"minecraft:stone_axe":2,"minecraft:iron_helmet":3,"minecraft:black_wool":1,"minecraft:coal":114,"minecraft:ender_pearl":1},"minecraft:custom":{"minecraft:animals_bred":13,"minecraft:interact_with_crafting_table":98,"minecraft:bell_ring":1,"minecraft:leave_game":1,"minecraft:time_since_death":222039,"minecraft:sprint_one_cm":936255,"minecraft:damage_blocked_by_shield":955,"minecraft:drop":114,"minecraft:talked_to_villager":15,"minecraft:play_time":354608,"minecraft:deaths":4,"minecraft:jump":6805,"minecraft:interact_with_brewingstand":1,"minecraft:walk_on_water_one_cm":79608,"minecraft:interact_with_furnace":203,"minecraft:interact_with_cartography_table":1,"minecraft:interact_with_loom":2,"minecraft:sleep_in_bed":15,"minecraft:damage_dealt":29784,"minecraft:crouch_one_cm":36425,"minecraft:horse_one_cm":1859,"minecraft:mob_kills":165,"minecraft:climb_one_cm":3412,"minecraft:walk_one_cm":1150973,"minecraft:sneak_time":11324,"minecraft:walk_under_water_one_cm":71634,"minecraft:boat_one_cm":442530,"minecraft:interact_with_blast_furnace":3,"minecraft:total_world_time":354608,"minecraft:interact_with_stonecutter":1,"minecraft:interact_with_grindstone":1,"minecraft:time_since_rest":12603,"minecraft:damage_taken":4987,"minecraft:swim_one_cm":299571,"minecraft:fly_one_cm":1188760,"minecraft:open_chest":283,"minecraft:fall_one_cm":184279},"minecraft:mined":{"minecraft:spruce_planks":8,"minecraft:white_bed":1,"minecraft:granite":9,"minecraft:stone_brick_wall":1,"minecraft:grass_block":678,"minecraft:smooth_stone":1,"minecraft:iron_ore":76,"minecraft:fire":5,"minecraft:moss_carpet":1,"minecraft:azure_bluet":3,"minecraft:cave_vines":2,"minecraft:oak_stairs":3,"minecraft:azalea":3,"minecraft:deepslate_redstone_ore":2,"minecraft:brown_mushroom":1,"minecraft:clay":11,"minecraft:torch":5,"minecraft:poppy":2,"minecraft:dead_bush":1,"minecraft:mushroom_stem":2,"minecraft:oak_planks":87,"minecraft:wall_torch":8,"minecraft:wheat":27,"minecraft:black_bed":5,"minecraft:grass":158,"minecraft:oak_log":97,"minecraft:sand":26,"minecraft:dirt":160,"minecraft:red_mushroom_block":1,"minecraft:oak_leaves":21,"minecraft:deepslate":127,"minecraft:tuff":15,"minecraft:mossy_cobblestone":8,"minecraft:deepslate_diamond_ore":20,"minecraft:glow_lichen":1,"minecraft:spruce_fence":7,"minecraft:spruce_leaves":78,"minecraft:moss_block":29,"minecraft:large_fern":3,"minecraft:hay_block":1,"minecraft:spore_blossom":2,"minecraft:furnace":10,"minecraft:carrots":6,"minecraft:andesite":24,"minecraft:deepslate_iron_ore":11,"minecraft:stone":299,"minecraft:podzol":1,"minecraft:flowering_azalea":2,"minecraft:dandelion":15,"minecraft:spruce_door":2,"minecraft:oak_fence":1,"minecraft:crafting_table":12,"minecraft:cornflower":2,"minecraft:emerald_ore":2,"minecraft:campfire":1,"minecraft:tall_grass":28,"minecraft:deepslate_gold_ore":3,"minecraft:diorite":12,"minecraft:blue_bed":1,"minecraft:sweet_berry_bush":6,"minecraft:spruce_log":270,"minecraft:bee_nest":1,"minecraft:yellow_bed":2,"minecraft:coal_ore":90,"minecraft:gravel":5,"minecraft:small_dripleaf":3,"minecraft:gold_ore":2,"minecraft:fern":13},"minecraft:broken":{"minecraft:iron_shovel":1,"minecraft:stone_pickaxe":1,"minecraft:stone_axe":4,"minecraft:wooden_axe":1,"minecraft:stone_shovel":4,"minecraft:iron_axe":1},"minecraft:used":{"minecraft:moss_block":27,"minecraft:moss_carpet":1,"minecraft:iron_shovel":273,"minecraft:poppy":2,"minecraft:shield":30,"minecraft:chest":9,"minecraft:iron_chestplate":2,"minecraft:carrot":22,"minecraft:tuff":11,"minecraft:azure_bluet":2,"minecraft:spruce_boat":1,"minecraft:glass":66,"minecraft:iron_helmet":1,"minecraft:sweet_berries":7,"minecraft:oak_sapling":28,"minecraft:furnace":13,"minecraft:potato":7,"minecraft:diorite":1,"minecraft:spruce_door":7,"minecraft:stone_pickaxe":130,"minecraft:oak_planks":219,"minecraft:wooden_pickaxe":23,"minecraft:sand":1,"minecraft:black_bed":6,"minecraft:bread":28,"minecraft:spore_blossom":1,"minecraft:diamond_sword":330,"minecraft:andesite":1,"minecraft:oak_boat":1,"minecraft:bone_meal":36,"minecraft:oak_fence":1,"minecraft:flint_and_steel":3,"minecraft:tropical_fish":2,"minecraft:stone_shovel":548,"minecraft:spruce_planks":262,"minecraft:stone_hoe":49,"minecraft:cooked_salmon":1,"minecraft:cooked_chicken":2,"minecraft:torch":32,"minecraft:dirt":882,"minecraft:granite":9,"minecraft:spruce_fence":56,"minecraft:wooden_axe":51,"minecraft:iron_axe":284,"minecraft:oak_stairs":12,"minecraft:cooked_beef":1,"minecraft:cobbled_deepslate":125,"minecraft:wheat_seeds":43,"minecraft:cooked_mutton":9,"minecraft:water_bucket":30,"minecraft:spruce_fence_gate":1,"minecraft:salmon":1,"minecraft:mossy_cobblestone":6,"minecraft:rail":8,"minecraft:crafting_table":18,"minecraft:oak_log":1,"minecraft:cornflower":2,"minecraft:diamond_pickaxe":126,"minecraft:chicken":1,"minecraft:iron_pickaxe":483,"minecraft:map":1,"minecraft:spruce_sapling":2,"minecraft:stone_axe":520,"minecraft:cobblestone":134,"minecraft:cooked_porkchop":31,"minecraft:porkchop":1,"minecraft:bucket":32,"minecraft:yellow_bed":1,"minecraft:dandelion":10},"minecraft:dropped":{"minecraft:moss_block":1,"minecraft:brown_mushroom":4,"minecraft:cooked_beef":4,"minecraft:cooked_porkchop":3,"minecraft:glow_berries":1,"minecraft:flint":2,"minecraft:sand":2,"minecraft:bone":11,"minecraft:detector_rail":4,"minecraft:rotten_flesh":21,"minecraft:cooked_mutton":3,"minecraft:white_bed":1,"minecraft:poppy":1,"minecraft:stone_brick_wall":1,"minecraft:azalea":1,"minecraft:arrow":10,"minecraft:wheat_seeds":13,"minecraft:mossy_cobblestone":2,"minecraft:oak_fence":1,"minecraft:feather":4,"minecraft:cobblestone":77,"minecraft:stick":32,"minecraft:diorite":11,"minecraft:brown_wool":1,"minecraft:flowering_azalea":2,"minecraft:smooth_stone":3,"minecraft:paper":6,"minecraft:string":4,"minecraft:moss_carpet":5,"minecraft:kelp":5,"minecraft:sweet_berries":4,"minecraft:clay_ball":12,"minecraft:filled_map":5,"minecraft:diamond_sword":2,"minecraft:big_dripleaf":1,"minecraft:andesite":1,"minecraft:spider_eye":4,"minecraft:bow":3,"minecraft:wooden_pickaxe":1,"minecraft:raw_gold":1,"minecraft:black_wool":1},"minecraft:crafted":{"minecraft:black_dye":1,"minecraft:oak_planks":384,"minecraft:cooked_chicken":6,"minecraft:cooked_mutton":9,"minecraft:glass":69,"minecraft:iron_boots":3,"minecraft:chest":8,"minecraft:stone_hoe":1,"minecraft:cooked_porkchop":34,"minecraft:crafting_table":6,"minecraft:spruce_planks":912,"minecraft:wooden_pickaxe":1,"minecraft:spruce_door":3,"minecraft:iron_chestplate":1,"minecraft:diamond_pickaxe":1,"minecraft:shield":2,"minecraft:stick":124,"minecraft:iron_ingot":72,"minecraft:iron_pickaxe":6,"minecraft:gold_ingot":2,"minecraft:black_bed":1,"minecraft:spruce_fence_gate":1,"minecraft:stone_shovel":4,"minecraft:furnace":2,"minecraft:bone_meal":36,"minecraft:spruce_fence":51,"minecraft:iron_axe":3,"minecraft:stone_pickaxe":1,"minecraft:spruce_boat":1,"minecraft:wheat":9,"minecraft:cooked_beef":15,"minecraft:diamond_sword":1,"minecraft:cooked_salmon":1,"minecraft:bucket":2,"minecraft:stone_axe":5,"minecraft:air":0,"minecraft:oak_boat":1,"minecraft:wooden_axe":1,"minecraft:oak_stairs":12,"minecraft:iron_shovel":1,"minecraft:iron_leggings":1,"minecraft:torch":16},"minecraft:killed":{"minecraft:witch":1,"minecraft:spider":11,"minecraft:skeleton":26,"minecraft:bee":3,"minecraft:chicken":7,"minecraft:axolotl":1,"minecraft:tropical_fish":1,"minecraft:pig":20,"minecraft:zombie_villager":2,"minecraft:salmon":3,"minecraft:creeper":1,"minecraft:sheep":7,"minecraft:trader_llama":2,"minecraft:zombie":56,"minecraft:cow":14,"minecraft:drowned":4,"minecraft:wandering_trader":1,"minecraft:enderman":3}},"DataVersion":3465}