{"stats":{"minecraft:killed_by":{"minecraft:spider":1},"minecraft:picked_up":{"minecraft:chiseled_deepslate":1,"minecraft:iron_chestplate":3,"minecraft:wheat":45,"minecraft:lead":6,"minecraft:diamond_sword":2,"minecraft:oak_stairs":4,"minecraft:string":50,"minecraft:cooked_salmon":1,"minecraft:iron_leggings":2,"minecraft:beetroot":1,"minecraft:gold_nugget":7,"minecraft:cobbled_deepslate":137,"minecraft:smooth_stone":4,"minecraft:spruce_planks":708,"minecraft:azalea":6,"minecraft:iron_pickaxe":2,"minecraft:iron_boots":1,"minecraft:furnace":12,"minecraft:blue_wool":1,"minecraft:stick":154,"minecraft:jukebox":1,"minecraft:big_dripleaf":3,"minecraft:oak_fence":3,"minecraft:torch":52,"minecraft:porkchop":59,"minecraft:diorite":13,"minecraft:rotten_flesh":126,"minecraft:light_blue_wool":2,"minecraft:tropical_fish":3,"minecraft:cobblestone":553,"minecraft:feather":6,"minecraft:cooked_beef":7,"minecraft:andesite":28,"minecraft:brown_wool":2,"minecraft:black_bed":6,"minecraft:potato":13,"minecraft:flint":8,"minecraft:tuff":16,"minecraft:dirt":1110,"minecraft:glass":3,"minecraft:bone":54,"minecraft:bow":22,"minecraft:wheat_seeds":197,"minecraft:raw_gold":30,"minecraft:moss_block":33,"minecraft:oak_planks":147,"minecraft:stone_hoe":1,"minecraft:cooked_porkchop":3,"minecraft:axolotl_bucket":2,"minecraft:sand":144,"minecraft:ink_sac":1,"minecraft:mossy_cobblestone":8,"minecraft:spruce_fence_gate":3,"minecraft:white_candle":1,"minecraft:diamond":26,"minecraft:soul_lantern":3,"minecraft:granite":9,"minecraft:bread":34,"minecraft:emerald":4,"minecraft:oak_sapling":94,"minecraft:dark_oak_fence":2,"minecraft:charcoal":6,"minecraft:crafting_table":16,"minecraft:allium":5,"minecraft:azure_bluet":8,"minecraft:chicken":7,"minecraft:clay_ball":476,"minecraft:brown_mushroom":5,"minecraft:wooden_pickaxe":2,"minecraft:stone_brick_wall":1,"minecraft:shield":2,"minecraft:cornflower":2,"minecraft:moss_carpet":15,"minecraft:iron_axe":1,"minecraft:flint_and_steel":5,"minecraft:detector_rail":4,"minecraft:beef":66,"minecraft:iron_nugget":15,"minecraft:poppy":3,"minecraft:chest":11,"minecraft:birch_sapling":6,"minecraft:raw_iron":124,"minecraft:sandstone":8,"minecraft:oak_door":1,"minecraft:copper_ingot":1,"minecraft:spruce_fence":36,"minecraft:fire_charge":1,"minecraft:carrot":69,"minecraft:redstone":9,"minecraft:prismarine_crystals":3,"minecraft:arrow":48,"minecraft:stone_shovel":1,"minecraft:beetroot_seeds":2,"minecraft:deepslate_bricks":1,"minecraft:hay_block":1,"minecraft:saddle":1,"minecraft:glow_berries":1,"minecraft:mutton":9,"minecraft:rail":2,"minecraft:white_wool":7,"minecraft:glow_ink_sac":2,"minecraft:salmon":2,"minecraft:leather":55,"minecraft:filled_map":1,"minecraft:oak_log":156,"minecraft:yellow_bed":4,"minecraft:gunpowder":26,"minecraft:blue_bed":1,"minecraft:paper":12,"minecraft:cooked_mutton":6,"minecraft:apple":41,"minecraft:kelp":15,"minecraft:spore_blossom":1,"minecraft:iron_ingot":12,"minecraft:stone_pickaxe":1,"minecraft:cooked_chicken":2,"minecraft:flowering_azalea":3,"minecraft:sweet_berries":11,"minecraft:dandelion":25,"minecraft:gravel":7,"minecraft:soul_torch":2,"minecraft:spruce_sapling":108,"minecraft:white_bed":2,"minecraft:spruce_log":701,"minecraft:spruce_door":4,"minecraft:spider_eye":8,"minecraft:music_disc_mall":2,"minecraft:stone_axe":2,"minecraft:iron_helmet":3,"minecraft:melon_seeds":1,"minecraft:black_wool":1,"minecraft:coal":138,"minecraft:ender_pearl":2},"minecraft:custom":{"minecraft:animals_bred":27,"minecraft:interact_with_crafting_table":128,"minecraft:bell_ring":1,"minecraft:leave_game":3,"minecraft:time_since_death":454702,"minecraft:sprint_one_cm":1564410,"minecraft:damage_blocked_by_shield":1115,"minecraft:drop":186,"minecraft:talked_to_villager":27,"minecraft:play_time":587271,"minecraft:deaths":4,"minecraft:jump":10293,"minecraft:interact_with_brewingstand":2,"minecraft:walk_on_water_one_cm":117293,"minecraft:interact_with_furnace":265,"minecraft:play_record":1,"minecraft:traded_with_villager":7,"minecraft:interact_with_cartography_table":1,"minecraft:interact_with_loom":2,"minecraft:sleep_in_bed":21,"minecraft:damage_dealt":40009,"minecraft:crouch_one_cm":107576,"minecraft:horse_one_cm":2447,"minecraft:mob_kills":231,"minecraft:climb_one_cm":3913,"minecraft:walk_one_cm":1716399,"minecraft:sneak_time":30245,"minecraft:walk_under_water_one_cm":99347,"minecraft:boat_one_cm":1116495,"minecraft:interact_with_blast_furnace":3,"minecraft:total_world_time":587271,"minecraft:interact_with_grindstone":1,"minecraft:interact_with_stonecutter":1,"minecraft:time_since_rest":45025,"minecraft:damage_taken":6458,"minecraft:swim_one_cm":371963,"minecraft:fly_one_cm":1886762,"minecraft:open_chest":640,"minecraft:fall_one_cm":270739},"minecraft:mined":{"minecraft:spruce_planks":17,"minecraft:white_bed":3,"minecraft:oak_sapling":1,"minecraft:sculk_vein":2,"minecraft:granite":9,"minecraft:grass_block":755,"minecraft:stone_brick_wall":1,"minecraft:deepslate_bricks":1,"minecraft:blue_wool":1,"minecraft:smooth_stone":1,"minecraft:sculk_catalyst":2,"minecraft:iron_ore":97,"minecraft:fire":8,"minecraft:moss_carpet":1,"minecraft:azure_bluet":3,"minecraft:cave_vines":2,"minecraft:oak_stairs":3,"minecraft:azalea":3,"minecraft:deepslate_redstone_ore":2,"minecraft:soul_wall_torch":2,"minecraft:brown_mushroom":1,"minecraft:soul_lantern":3,"minecraft:clay":12,"minecraft:torch":11,"minecraft:poppy":2,"minecraft:chest":10,"minecraft:dead_bush":1,"minecraft:mushroom_stem":2,"minecraft:glass":1,"minecraft:cobblestone":23,"minecraft:white_candle":2,"minecraft:oak_planks":129,"minecraft:wall_torch":19,"minecraft:wheat":45,"minecraft:jukebox":1,"minecraft:black_bed":5,"minecraft:grass":180,"minecraft:oak_log":156,"minecraft:beetroots":1,"minecraft:dirt":256,"minecraft:sand":142,"minecraft:red_mushroom_block":1,"minecraft:oak_leaves":84,"minecraft:deepslate":137,"minecraft:tuff":16,"minecraft:light_blue_wool":2,"minecraft:mossy_cobblestone":8,"minecraft:deepslate_diamond_ore":27,"minecraft:sea_lantern":1,"minecraft:glow_lichen":1,"minecraft:dark_oak_fence":6,"minecraft:spruce_fence":38,"minecraft:spruce_leaves":165,"minecraft:moss_block":29,"minecraft:sandstone":8,"minecraft:large_fern":3,"minecraft:hay_block":1,"minecraft:spore_blossom":2,"minecraft:spruce_sapling":5,"minecraft:furnace":10,"minecraft:carrots":26,"minecraft:andesite":28,"minecraft:chiseled_deepslate":2,"minecraft:potatoes":4,"minecraft:deepslate_iron_ore":11,"minecraft:stone":321,"minecraft:podzol":5,"minecraft:flowering_azalea":2,"minecraft:glass_pane":1,"minecraft:dandelion":16,"minecraft:spruce_door":2,"minecraft:oak_fence":1,"minecraft:crafting_table":13,"minecraft:cornflower":2,"minecraft:emerald_ore":2,"minecraft:sculk_sensor":8,"minecraft:campfire":1,"minecraft:tall_grass":29,"minecraft:deepslate_gold_ore":23,"minecraft:sculk":24,"minecraft:diorite":13,"minecraft:blue_bed":1,"minecraft:sweet_berry_bush":6,"minecraft:spruce_log":674,"minecraft:bee_nest":1,"minecraft:yellow_bed":4,"minecraft:coal_ore":114,"minecraft:gravel":8,"minecraft:cobweb":3,"minecraft:spruce_fence_gate":3,"minecraft:small_dripleaf":3,"minecraft:gold_ore":5,"minecraft:fern":13},"minecraft:broken":{"minecraft:iron_shovel":1,"minecraft:stone_pickaxe":1,"minecraft:stone_axe":4,"minecraft:wooden_axe":1,"minecraft:stone_shovel":6,"minecraft:iron_axe":3,"minecraft:iron_pickaxe":1},"minecraft:used":{"minecraft:beetroot":1,"minecraft:moss_block":27,"minecraft:moss_carpet":1,"minecraft:iron_shovel":273,"minecraft:diamond_hoe":15,"minecraft:poppy":2,"minecraft:oak_sign":1,"minecraft:chest":32,"minecraft:shield":36,"minecraft:sculk_sensor":1,"minecraft:iron_chestplate":2,"minecraft:carrot":32,"minecraft:tuff":11,"minecraft:axolotl_bucket":1,"minecraft:azure_bluet":4,"minecraft:spruce_boat":1,"minecraft:glass":88,"minecraft:iron_helmet":1,"minecraft:bow":56,"minecraft:sweet_berries":7,"minecraft:oak_sapling":44,"minecraft:furnace":16,"minecraft:potato":7,"minecraft:diorite":1,"minecraft:spruce_door":7,"minecraft:stone_pickaxe":130,"minecraft:oak_planks":304,"minecraft:wooden_pickaxe":23,"minecraft:sandstone":32,"minecraft:redstone_block":2,"minecraft:sand":2,"minecraft:black_bed":6,"minecraft:music_disc_mall":1,"minecraft:bread":28,"minecraft:spore_blossom":1,"minecraft:gravel":3,"minecraft:diamond_sword":508,"minecraft:andesite":1,"minecraft:oak_boat":1,"minecraft:bone_meal":36,"minecraft:experience_bottle":1,"minecraft:oak_fence":1,"minecraft:flint_and_steel":3,"minecraft:tropical_fish":2,"minecraft:stone_shovel":791,"minecraft:spruce_planks":297,"minecraft:cooked_chicken":2,"minecraft:cooked_salmon":1,"minecraft:stone_hoe":50,"minecraft:oak_door":1,"minecraft:torch":75,"minecraft:dirt":1172,"minecraft:granite":9,"minecraft:spruce_fence":155,"minecraft:wooden_axe":51,"minecraft:iron_axe":953,"minecraft:oak_stairs":18,"minecraft:cooked_beef":13,"minecraft:cobbled_deepslate":125,"minecraft:wheat_seeds":55,"minecraft:cooked_mutton":9,"minecraft:water_bucket":35,"minecraft:spruce_fence_gate":4,"minecraft:deepslate_bricks":1,"minecraft:salmon":1,"minecraft:mossy_cobblestone":6,"minecraft:rail":8,"minecraft:crafting_table":23,"minecraft:white_bed":1,"minecraft:oak_log":1,"minecraft:diamond_pickaxe":130,"minecraft:cornflower":2,"minecraft:chicken":1,"minecraft:iron_pickaxe":671,"minecraft:map":1,"minecraft:spruce_sapling":72,"minecraft:stone_axe":521,"minecraft:fishing_rod":1,"minecraft:cobblestone":204,"minecraft:cooked_porkchop":47,"minecraft:porkchop":1,"minecraft:bucket":38,"minecraft:yellow_bed":3,"minecraft:dandelion":18,"minecraft:jukebox":2,"minecraft:soul_torch":12},"minecraft:dropped":{"minecraft:moss_block":1,"minecraft:brown_mushroom":4,"minecraft:cooked_beef":4,"minecraft:cooked_porkchop":5,"minecraft:glow_berries":1,"minecraft:leather":9,"minecraft:flint":2,"minecraft:sand":2,"minecraft:iron_pickaxe":1,"minecraft:bone":14,"minecraft:detector_rail":4,"minecraft:wheat":9,"minecraft:blue_wool":1,"minecraft:rotten_flesh":22,"minecraft:cooked_mutton":3,"minecraft:azure_bluet":2,"minecraft:white_bed":1,"minecraft:carrot":4,"minecraft:poppy":1,"minecraft:beetroot_seeds":2,"minecraft:stone_brick_wall":1,"minecraft:music_disc_mall":2,"minecraft:azalea":1,"minecraft:arrow":10,"minecraft:water_bucket":1,"minecraft:wheat_seeds":22,"minecraft:mossy_cobblestone":2,"minecraft:feather":4,"minecraft:oak_fence":1,"minecraft:cobblestone":94,"minecraft:apple":18,"minecraft:stick":34,"minecraft:diorite":11,"minecraft:torch":12,"minecraft:light_blue_wool":2,"minecraft:brown_wool":1,"minecraft:flowering_azalea":2,"minecraft:smooth_stone":3,"minecraft:paper":6,"minecraft:string":21,"minecraft:music_disc_cat":1,"minecraft:moss_carpet":5,"minecraft:kelp":5,"minecraft:sweet_berries":4,"minecraft:clay_ball":215,"minecraft:flint_and_steel":1,"minecraft:filled_map":5,"minecraft:diamond_sword":2,"minecraft:big_dripleaf":1,"minecraft:potato":8,"minecraft:spruce_planks":1220,"minecraft:andesite":1,"minecraft:yellow_bed":1,"minecraft:spider_eye":4,"minecraft:spruce_log":37,"minecraft:bow":12,"minecraft:wooden_pickaxe":1,"minecraft:raw_gold":1,"minecraft:black_wool":1},"minecraft:crafted":{"minecraft:black_dye":1,"minecraft:oak_planks":620,"minecraft:oak_sign":3,"minecraft:cooked_chicken":6,"minecraft:cooked_mutton":9,"minecraft:glass":69,"minecraft:iron_boots":3,"minecraft:chest":21,"minecraft:stone_hoe":2,"minecraft:arrow":80,"minecraft:emerald":2,"minecraft:cooked_porkchop":63,"minecraft:crafting_table":11,"minecraft:spruce_planks":2316,"minecraft:wooden_pickaxe":1,"minecraft:iron_helmet":1,"minecraft:spruce_door":3,"minecraft:iron_chestplate":1,"minecraft:diamond_pickaxe":1,"minecraft:shield":2,"minecraft:stick":224,"minecraft:iron_ingot":92,"minecraft:iron_pickaxe":6,"minecraft:gold_ingot":2,"minecraft:sandstone":28,"minecraft:black_bed":1,"minecraft:spruce_fence_gate":1,"minecraft:stone_shovel":7,"minecraft:jukebox":1,"minecraft:furnace":5,"minecraft:bone_meal":42,"minecraft:spruce_fence":141,"minecraft:iron_axe":7,"minecraft:stone_pickaxe":1,"minecraft:spruce_boat":1,"minecraft:redstone_block":2,"minecraft:wheat":9,"minecraft:cooked_beef":40,"minecraft:diamond_sword":1,"minecraft:cooked_salmon":1,"minecraft:bucket":2,"minecraft:stone_axe":5,"minecraft:air":0,"minecraft:oak_boat":1,"minecraft:oak_stairs":16,"minecraft:wooden_axe":1,"minecraft:iron_shovel":1,"minecraft:iron_leggings":1,"minecraft:torch":40},"minecraft:killed":{"minecraft:witch":1,"minecraft:spider":12,"minecraft:skeleton":39,"minecraft:bee":3,"minecraft:chicken":7,"minecraft:axolotl":1,"minecraft:tropical_fish":1,"minecraft:pig":30,"minecraft:zombie_villager":2,"minecraft:salmon":3,"minecraft:creeper":5,"minecraft:sheep":7,"minecraft:trader_llama":4,"minecraft:pillager":6,"minecraft:zombie":71,"minecraft:cow":26,"minecraft:drowned":4,"minecraft:wandering_trader":2,"minecraft:enderman":4}},"DataVersion":3465}