{"stats":{"minecraft:broken":{"minecraft:stone_pickaxe":1,"minecraft:stone_axe":1,"minecraft:wooden_axe":1},"minecraft:used":{"minecraft:spruce_planks":28,"minecraft:shield":1,"minecraft:cooked_salmon":1,"minecraft:iron_chestplate":2,"minecraft:dirt":43,"minecraft:granite":1,"minecraft:wooden_axe":51,"minecraft:iron_helmet":1,"minecraft:sweet_berries":4,"minecraft:furnace":5,"minecraft:cooked_mutton":3,"minecraft:water_bucket":1,"minecraft:diorite":1,"minecraft:stone_pickaxe":130,"minecraft:wooden_pickaxe":23,"minecraft:mossy_cobblestone":6,"minecraft:crafting_table":9,"minecraft:black_bed":1,"minecraft:iron_pickaxe":35,"minecraft:map":1,"minecraft:spore_blossom":1,"minecraft:stone_axe":129,"minecraft:cobblestone":32,"minecraft:cooked_porkchop":6,"minecraft:porkchop":1,"minecraft:andesite":1,"minecraft:bucket":2},"minecraft:dropped":{"minecraft:wheat_seeds":5,"minecraft:mossy_cobblestone":2,"minecraft:cooked_porkchop":3,"minecraft:cobblestone":34,"minecraft:feather":2,"minecraft:glow_berries":1,"minecraft:brown_wool":1,"minecraft:string":2,"minecraft:sweet_berries":4,"minecraft:rotten_flesh":3,"minecraft:clay_ball":8,"minecraft:cooked_mutton":3,"minecraft:filled_map":1,"minecraft:andesite":1,"minecraft:spider_eye":2,"minecraft:black_wool":1},"minecraft:mined":{"minecraft:spruce_planks":1,"minecraft:mossy_cobblestone":7,"minecraft:deepslate_diamond_ore":1,"minecraft:glow_lichen":1,"minecraft:granite":1,"minecraft:grass_block":7,"minecraft:spruce_fence":1,"minecraft:spruce_leaves":22,"minecraft:large_fern":2,"minecraft:spore_blossom":2,"minecraft:furnace":4,"minecraft:iron_ore":46,"minecraft:fire":5,"minecraft:cave_vines":1,"minecraft:deepslate_iron_ore":2,"minecraft:stone":79,"minecraft:clay":2,"minecraft:crafting_table":5,"minecraft:campfire":1,"minecraft:tall_grass":4,"minecraft:diorite":1,"minecraft:blue_bed":1,"minecraft:sweet_berry_bush":5,"minecraft:spruce_log":58,"minecraft:grass":2,"minecraft:coal_ore":28,"minecraft:dirt":11,"minecraft:small_dripleaf":1,"minecraft:gold_ore":2,"minecraft:oak_leaves":2,"minecraft:deepslate":3,"minecraft:fern":2},"minecraft:custom":{"minecraft:mob_kills":25,"minecraft:interact_with_crafting_table":20,"minecraft:time_since_death":18630,"minecraft:climb_one_cm":976,"minecraft:sprint_one_cm":148756,"minecraft:walk_one_cm":147288,"minecraft:damage_blocked_by_shield":30,"minecraft:drop":28,"minecraft:talked_to_villager":12,"minecraft:play_time":54000,"minecraft:deaths":1,"minecraft:sneak_time":1315,"minecraft:walk_under_water_one_cm":8375,"minecraft:jump":1077,"minecraft:interact_with_blast_furnace":3,"minecraft:walk_on_water_one_cm":10298,"minecraft:total_world_time":54000,"minecraft:interact_with_furnace":33,"minecraft:interact_with_cartography_table":1,"minecraft:interact_with_stonecutter":1,"minecraft:interact_with_grindstone":1,"minecraft:sleep_in_bed":2,"minecraft:time_since_rest":6731,"minecraft:damage_taken":841,"minecraft:damage_dealt":3777,"minecraft:swim_one_cm":38743,"minecraft:fly_one_cm":171166,"minecraft:open_chest":7,"minecraft:crouch_one_cm":3075,"minecraft:fall_one_cm":27710},"minecraft:crafted":{"minecraft:black_dye":1,"minecraft:cooked_chicken":2,"minecraft:furnace":1,"minecraft:cooked_mutton":3,"minecraft:iron_boots":1,"minecraft:iron_axe":1,"minecraft:stone_pickaxe":1,"minecraft:cooked_porkchop":10,"minecraft:crafting_table":5,"minecraft:spruce_planks":268,"minecraft:wooden_pickaxe":1,"minecraft:cooked_salmon":1,"minecraft:bucket":1,"minecraft:stone_axe":2,"minecraft:air":0,"minecraft:shield":1,"minecraft:stick":8,"minecraft:iron_ingot":27,"minecraft:iron_pickaxe":1,"minecraft:wooden_axe":1,"minecraft:iron_leggings":1,"minecraft:black_bed":1},"minecraft:killed":{"minecraft:spider":2,"minecraft:skeleton":1,"minecraft:chicken":2,"minecraft:axolotl":1,"minecraft:pig":7,"minecraft:salmon":1,"minecraft:sheep":2,"minecraft:zombie":7,"minecraft:cow":2},"minecraft:picked_up":{"minecraft:crafting_table":5,"minecraft:charcoal":4,"minecraft:iron_chestplate":1,"minecraft:chicken":2,"minecraft:clay_ball":9,"minecraft:wooden_pickaxe":1,"minecraft:shield":1,"minecraft:string":2,"minecraft:cooked_salmon":1,"minecraft:cobbled_deepslate":3,"minecraft:spruce_planks":214,"minecraft:beef":10,"minecraft:azalea":1,"minecraft:iron_nugget":4,"minecraft:furnace":5,"minecraft:raw_iron":48,"minecraft:stick":14,"minecraft:porkchop":11,"minecraft:diorite":1,"minecraft:arrow":1,"minecraft:rotten_flesh":5,"minecraft:glow_berries":1,"minecraft:mutton":3,"minecraft:cobblestone":196,"minecraft:feather":2,"minecraft:salmon":1,"minecraft:andesite":2,"minecraft:black_bed":1,"minecraft:brown_wool":1,"minecraft:flint":2,"minecraft:blue_bed":1,"minecraft:dirt":68,"minecraft:paper":3,"minecraft:cooked_mutton":6,"minecraft:wheat_seeds":5,"minecraft:raw_gold":2,"minecraft:spore_blossom":1,"minecraft:iron_ingot":3,"minecraft:stone_pickaxe":1,"minecraft:cooked_chicken":2,"minecraft:cooked_porkchop":1,"minecraft:sweet_berries":8,"minecraft:spruce_sapling":20,"minecraft:ink_sac":1,"minecraft:spruce_log":59,"minecraft:spider_eye":2,"minecraft:mossy_cobblestone":8,"minecraft:stone_axe":1,"minecraft:iron_helmet":1,"minecraft:granite":1,"minecraft:emerald":1,"minecraft:bread":18,"minecraft:coal":52,"minecraft:black_wool":1}},"DataVersion":3465}