{"stats":{"minecraft:killed_by":{"minecraft:spider":1},"minecraft:broken":{"minecraft:iron_shovel":1,"minecraft:stone_pickaxe":1,"minecraft:iron_axe":1,"minecraft:stone_axe":4,"minecraft:wooden_axe":1},"minecraft:used":{"minecraft:oak_fence":1,"minecraft:moss_block":27,"minecraft:moss_carpet":1,"minecraft:iron_shovel":273,"minecraft:flint_and_steel":3,"minecraft:tropical_fish":2,"minecraft:stone_shovel":27,"minecraft:poppy":2,"minecraft:chest":8,"minecraft:spruce_planks":262,"minecraft:shield":16,"minecraft:stone_hoe":49,"minecraft:cooked_salmon":1,"minecraft:cooked_chicken":2,"minecraft:iron_chestplate":2,"minecraft:torch":27,"minecraft:dirt":353,"minecraft:carrot":6,"minecraft:tuff":11,"minecraft:spruce_fence":56,"minecraft:granite":9,"minecraft:azure_bluet":1,"minecraft:glass":65,"minecraft:wooden_axe":51,"minecraft:oak_stairs":12,"minecraft:iron_axe":284,"minecraft:iron_helmet":1,"minecraft:sweet_berries":7,"minecraft:oak_sapling":28,"minecraft:furnace":9,"minecraft:cooked_beef":1,"minecraft:cobbled_deepslate":125,"minecraft:wheat_seeds":29,"minecraft:cooked_mutton":9,"minecraft:water_bucket":21,"minecraft:diorite":1,"minecraft:spruce_door":7,"minecraft:stone_pickaxe":130,"minecraft:oak_planks":215,"minecraft:wooden_pickaxe":23,"minecraft:spruce_fence_gate":1,"minecraft:mossy_cobblestone":6,"minecraft:sand":1,"minecraft:rail":8,"minecraft:crafting_table":13,"minecraft:black_bed":6,"minecraft:oak_log":1,"minecraft:diamond_pickaxe":123,"minecraft:cornflower":2,"minecraft:chicken":1,"minecraft:bread":22,"minecraft:iron_pickaxe":241,"minecraft:map":1,"minecraft:spore_blossom":1,"minecraft:spruce_sapling":2,"minecraft:stone_axe":437,"minecraft:diamond_sword":152,"minecraft:cobblestone":128,"minecraft:cooked_porkchop":19,"minecraft:porkchop":1,"minecraft:andesite":1,"minecraft:bucket":23,"minecraft:dandelion":10,"minecraft:bone_meal":36},"minecraft:dropped":{"minecraft:moss_block":1,"minecraft:wheat_seeds":12,"minecraft:cooked_beef":4,"minecraft:mossy_cobblestone":2,"minecraft:cooked_porkchop":3,"minecraft:oak_fence":1,"minecraft:cobblestone":77,"minecraft:feather":4,"minecraft:glow_berries":1,"minecraft:flint":2,"minecraft:stick":29,"minecraft:brown_wool":1,"minecraft:flowering_azalea":2,"minecraft:smooth_stone":3,"minecraft:paper":6,"minecraft:string":2,"minecraft:moss_carpet":5,"minecraft:sweet_berries":4,"minecraft:detector_rail":4,"minecraft:rotten_flesh":8,"minecraft:clay_ball":12,"minecraft:cooked_mutton":3,"minecraft:white_bed":1,"minecraft:filled_map":1,"minecraft:poppy":1,"minecraft:big_dripleaf":1,"minecraft:andesite":1,"minecraft:stone_brick_wall":1,"minecraft:azalea":1,"minecraft:spider_eye":2,"minecraft:wooden_pickaxe":1,"minecraft:black_wool":1},"minecraft:mined":{"minecraft:tuff":15,"minecraft:spruce_planks":8,"minecraft:white_bed":1,"minecraft:mossy_cobblestone":7,"minecraft:deepslate_diamond_ore":20,"minecraft:glow_lichen":1,"minecraft:granite":9,"minecraft:stone_brick_wall":1,"minecraft:grass_block":258,"minecraft:spruce_fence":7,"minecraft:spruce_leaves":58,"minecraft:moss_block":29,"minecraft:large_fern":2,"minecraft:hay_block":1,"minecraft:smooth_stone":1,"minecraft:spore_blossom":2,"minecraft:carrots":5,"minecraft:furnace":7,"minecraft:iron_ore":59,"minecraft:fire":5,"minecraft:moss_carpet":1,"minecraft:azure_bluet":2,"minecraft:cave_vines":2,"minecraft:deepslate_iron_ore":11,"minecraft:oak_stairs":3,"minecraft:azalea":3,"minecraft:stone":151,"minecraft:podzol":1,"minecraft:deepslate_redstone_ore":2,"minecraft:flowering_azalea":2,"minecraft:brown_mushroom":1,"minecraft:spruce_door":2,"minecraft:dandelion":15,"minecraft:torch":2,"minecraft:cornflower":2,"minecraft:oak_fence":1,"minecraft:clay":11,"minecraft:crafting_table":7,"minecraft:poppy":2,"minecraft:dead_bush":1,"minecraft:campfire":1,"minecraft:tall_grass":23,"minecraft:deepslate_gold_ore":2,"minecraft:oak_planks":79,"minecraft:diorite":1,"minecraft:wall_torch":8,"minecraft:blue_bed":1,"minecraft:wheat":6,"minecraft:sweet_berry_bush":6,"minecraft:spruce_log":224,"minecraft:bee_nest":1,"minecraft:black_bed":5,"minecraft:grass":129,"minecraft:oak_log":97,"minecraft:coal_ore":59,"minecraft:sand":26,"minecraft:dirt":55,"minecraft:small_dripleaf":3,"minecraft:gold_ore":2,"minecraft:oak_leaves":21,"minecraft:deepslate":127,"minecraft:fern":13},"minecraft:custom":{"minecraft:animals_bred":7,"minecraft:mob_kills":113,"minecraft:interact_with_crafting_table":76,"minecraft:bell_ring":1,"minecraft:time_since_death":131431,"minecraft:climb_one_cm":3412,"minecraft:sprint_one_cm":727908,"minecraft:walk_one_cm":890482,"minecraft:damage_blocked_by_shield":460,"minecraft:drop":82,"minecraft:talked_to_villager":14,"minecraft:play_time":264000,"minecraft:deaths":4,"minecraft:sneak_time":10210,"minecraft:walk_under_water_one_cm":37369,"minecraft:interact_with_brewingstand":1,"minecraft:jump":5310,"minecraft:interact_with_blast_furnace":3,"minecraft:walk_on_water_one_cm":50465,"minecraft:total_world_time":264000,"minecraft:interact_with_furnace":175,"minecraft:interact_with_cartography_table":1,"minecraft:interact_with_loom":2,"minecraft:interact_with_stonecutter":1,"minecraft:interact_with_grindstone":1,"minecraft:sleep_in_bed":12,"minecraft:time_since_rest":68626,"minecraft:damage_taken":3493,"minecraft:damage_dealt":19745,"minecraft:swim_one_cm":113693,"minecraft:fly_one_cm":907993,"minecraft:open_chest":211,"minecraft:crouch_one_cm":34229,"minecraft:fall_one_cm":146151,"minecraft:horse_one_cm":1859},"minecraft:crafted":{"minecraft:black_dye":1,"minecraft:oak_planks":384,"minecraft:cooked_chicken":6,"minecraft:furnace":1,"minecraft:bone_meal":36,"minecraft:spruce_fence":51,"minecraft:cooked_mutton":9,"minecraft:glass":65,"minecraft:iron_boots":3,"minecraft:iron_axe":3,"minecraft:stone_pickaxe":1,"minecraft:chest":7,"minecraft:stone_hoe":1,"minecraft:wheat":9,"minecraft:cooked_beef":15,"minecraft:diamond_sword":1,"minecraft:cooked_porkchop":28,"minecraft:crafting_table":5,"minecraft:spruce_planks":888,"minecraft:wooden_pickaxe":1,"minecraft:spruce_door":3,"minecraft:cooked_salmon":1,"minecraft:bucket":2,"minecraft:stone_axe":4,"minecraft:air":0,"minecraft:iron_chestplate":1,"minecraft:diamond_pickaxe":1,"minecraft:shield":2,"minecraft:oak_stairs":12,"minecraft:stick":124,"minecraft:iron_ingot":72,"minecraft:iron_pickaxe":3,"minecraft:wooden_axe":1,"minecraft:gold_ingot":2,"minecraft:iron_shovel":1,"minecraft:iron_leggings":1,"minecraft:black_bed":1,"minecraft:spruce_fence_gate":1,"minecraft:torch":16},"minecraft:killed":{"minecraft:witch":1,"minecraft:spider":10,"minecraft:skeleton":13,"minecraft:bee":3,"minecraft:chicken":7,"minecraft:axolotl":1,"minecraft:tropical_fish":1,"minecraft:pig":14,"minecraft:zombie_villager":1,"minecraft:salmon":2,"minecraft:wandering_trader":1,"minecraft:creeper":1,"minecraft:sheep":7,"minecraft:trader_llama":2,"minecraft:zombie":38,"minecraft:enderman":1,"minecraft:cow":8},"minecraft:picked_up":{"minecraft:crafting_table":10,"minecraft:charcoal":6,"minecraft:iron_chestplate":3,"minecraft:oak_stairs":4,"minecraft:wheat":4,"minecraft:azure_bluet":3,"minecraft:chicken":7,"minecraft:clay_ball":142,"minecraft:lead":2,"minecraft:brown_mushroom":1,"minecraft:wooden_pickaxe":2,"minecraft:stone_brick_wall":1,"minecraft:shield":2,"minecraft:cornflower":2,"minecraft:moss_carpet":15,"minecraft:iron_axe":1,"minecraft:string":15,"minecraft:cooked_salmon":1,"minecraft:iron_leggings":2,"minecraft:smooth_stone":4,"minecraft:detector_rail":4,"minecraft:cobbled_deepslate":128,"minecraft:spruce_planks":375,"minecraft:beef":28,"minecraft:poppy":3,"minecraft:azalea":6,"minecraft:iron_nugget":12,"minecraft:iron_pickaxe":1,"minecraft:chest":1,"minecraft:iron_boots":1,"minecraft:furnace":9,"minecraft:raw_iron":86,"minecraft:stick":78,"minecraft:big_dripleaf":3,"minecraft:oak_fence":3,"minecraft:torch":13,"minecraft:spruce_fence":5,"minecraft:porkchop":24,"minecraft:diorite":1,"minecraft:carrot":20,"minecraft:redstone":9,"minecraft:stone_shovel":1,"minecraft:arrow":22,"minecraft:rotten_flesh":27,"minecraft:tropical_fish":2,"minecraft:hay_block":1,"minecraft:glow_berries":1,"minecraft:mutton":9,"minecraft:white_wool":4,"minecraft:cobblestone":319,"minecraft:feather":6,"minecraft:salmon":1,"minecraft:andesite":2,"minecraft:leather":11,"minecraft:black_bed":6,"minecraft:brown_wool":2,"minecraft:flint":8,"minecraft:tuff":15,"minecraft:oak_log":97,"minecraft:gunpowder":1,"minecraft:blue_bed":1,"minecraft:dirt":390,"minecraft:paper":12,"minecraft:cooked_mutton":6,"minecraft:bone":17,"minecraft:apple":1,"minecraft:wheat_seeds":39,"minecraft:raw_gold":6,"minecraft:spore_blossom":1,"minecraft:iron_ingot":12,"minecraft:stone_pickaxe":1,"minecraft:cooked_chicken":2,"minecraft:moss_block":33,"minecraft:oak_planks":98,"minecraft:flowering_azalea":3,"minecraft:cooked_porkchop":1,"minecraft:sweet_berries":11,"minecraft:dandelion":17,"minecraft:axolotl_bucket":1,"minecraft:sand":26,"minecraft:spruce_sapling":37,"minecraft:ink_sac":1,"minecraft:white_bed":1,"minecraft:spruce_log":214,"minecraft:spruce_door":4,"minecraft:spider_eye":4,"minecraft:mossy_cobblestone":8,"minecraft:diamond":19,"minecraft:stone_axe":2,"minecraft:iron_helmet":3,"minecraft:granite":9,"minecraft:emerald":2,"minecraft:bread":34,"minecraft:oak_sapling":28,"minecraft:coal":83,"minecraft:black_wool":1}},"DataVersion":3465}