{"stats":{"minecraft:killed_by":{"minecraft:spider":1},"minecraft:broken":{"minecraft:stone_pickaxe":1,"minecraft:iron_axe":1,"minecraft:stone_axe":2,"minecraft:wooden_axe":1},"minecraft:used":{"minecraft:moss_block":27,"minecraft:moss_carpet":1,"minecraft:tropical_fish":2,"minecraft:chest":1,"minecraft:spruce_planks":250,"minecraft:shield":16,"minecraft:cooked_salmon":1,"minecraft:cooked_chicken":2,"minecraft:iron_chestplate":2,"minecraft:dirt":48,"minecraft:granite":9,"minecraft:wooden_axe":51,"minecraft:iron_axe":284,"minecraft:iron_helmet":1,"minecraft:sweet_berries":7,"minecraft:furnace":6,"minecraft:cooked_beef":1,"minecraft:cobbled_deepslate":125,"minecraft:cooked_mutton":3,"minecraft:water_bucket":1,"minecraft:diorite":1,"minecraft:stone_pickaxe":130,"minecraft:wooden_pickaxe":23,"minecraft:mossy_cobblestone":6,"minecraft:crafting_table":10,"minecraft:black_bed":1,"minecraft:diamond_pickaxe":62,"minecraft:chicken":1,"minecraft:bread":18,"minecraft:iron_pickaxe":241,"minecraft:map":1,"minecraft:spore_blossom":1,"minecraft:spruce_sapling":1,"minecraft:stone_axe":170,"minecraft:diamond_sword":23,"minecraft:cobblestone":112,"minecraft:cooked_porkchop":7,"minecraft:porkchop":1,"minecraft:andesite":1,"minecraft:bucket":2,"minecraft:bone_meal":21},"minecraft:dropped":{"minecraft:moss_block":1,"minecraft:wheat_seeds":6,"minecraft:cooked_beef":4,"minecraft:mossy_cobblestone":2,"minecraft:cooked_porkchop":3,"minecraft:oak_fence":1,"minecraft:cobblestone":34,"minecraft:feather":4,"minecraft:glow_berries":1,"minecraft:flint":2,"minecraft:stick":29,"minecraft:brown_wool":1,"minecraft:flowering_azalea":2,"minecraft:paper":6,"minecraft:string":2,"minecraft:moss_carpet":5,"minecraft:sweet_berries":4,"minecraft:rotten_flesh":7,"minecraft:clay_ball":12,"minecraft:cooked_mutton":3,"minecraft:filled_map":1,"minecraft:big_dripleaf":1,"minecraft:andesite":1,"minecraft:azalea":1,"minecraft:spider_eye":2,"minecraft:wooden_pickaxe":1,"minecraft:black_wool":1},"minecraft:mined":{"minecraft:tuff":15,"minecraft:spruce_planks":5,"minecraft:mossy_cobblestone":7,"minecraft:deepslate_diamond_ore":20,"minecraft:glow_lichen":1,"minecraft:granite":9,"minecraft:grass_block":7,"minecraft:spruce_fence":1,"minecraft:spruce_leaves":48,"minecraft:moss_block":29,"minecraft:large_fern":2,"minecraft:spore_blossom":2,"minecraft:furnace":4,"minecraft:iron_ore":59,"minecraft:fire":5,"minecraft:moss_carpet":1,"minecraft:cave_vines":2,"minecraft:deepslate_iron_ore":11,"minecraft:azalea":3,"minecraft:stone":118,"minecraft:podzol":1,"minecraft:deepslate_redstone_ore":2,"minecraft:flowering_azalea":2,"minecraft:brown_mushroom":1,"minecraft:clay":11,"minecraft:crafting_table":5,"minecraft:dead_bush":1,"minecraft:campfire":1,"minecraft:tall_grass":10,"minecraft:deepslate_gold_ore":2,"minecraft:diorite":1,"minecraft:wall_torch":1,"minecraft:blue_bed":1,"minecraft:sweet_berry_bush":6,"minecraft:spruce_log":192,"minecraft:black_bed":1,"minecraft:grass":10,"minecraft:coal_ore":40,"minecraft:dirt":14,"minecraft:small_dripleaf":3,"minecraft:gold_ore":2,"minecraft:oak_leaves":2,"minecraft:deepslate":127,"minecraft:fern":13},"minecraft:custom":{"minecraft:mob_kills":72,"minecraft:interact_with_crafting_table":38,"minecraft:time_since_death":11431,"minecraft:climb_one_cm":2496,"minecraft:sprint_one_cm":371008,"minecraft:walk_one_cm":414380,"minecraft:damage_blocked_by_shield":460,"minecraft:drop":57,"minecraft:talked_to_villager":12,"minecraft:play_time":144000,"minecraft:deaths":4,"minecraft:sneak_time":9192,"minecraft:walk_under_water_one_cm":33545,"minecraft:jump":3177,"minecraft:interact_with_blast_furnace":3,"minecraft:walk_on_water_one_cm":42440,"minecraft:total_world_time":144000,"minecraft:interact_with_furnace":57,"minecraft:interact_with_cartography_table":1,"minecraft:interact_with_stonecutter":1,"minecraft:interact_with_grindstone":1,"minecraft:sleep_in_bed":3,"minecraft:time_since_rest":11195,"minecraft:damage_taken":2748,"minecraft:damage_dealt":13409,"minecraft:swim_one_cm":80606,"minecraft:fly_one_cm":419589,"minecraft:open_chest":51,"minecraft:crouch_one_cm":31001,"minecraft:fall_one_cm":83289},"minecraft:crafted":{"minecraft:black_dye":1,"minecraft:cooked_chicken":2,"minecraft:furnace":1,"minecraft:bone_meal":21,"minecraft:cooked_mutton":3,"minecraft:iron_boots":2,"minecraft:iron_axe":3,"minecraft:stone_pickaxe":1,"minecraft:chest":1,"minecraft:cooked_beef":5,"minecraft:diamond_sword":1,"minecraft:cooked_porkchop":10,"minecraft:crafting_table":5,"minecraft:spruce_planks":760,"minecraft:wooden_pickaxe":1,"minecraft:cooked_salmon":1,"minecraft:bucket":1,"minecraft:stone_axe":3,"minecraft:air":0,"minecraft:iron_chestplate":1,"minecraft:diamond_pickaxe":1,"minecraft:shield":1,"minecraft:stick":40,"minecraft:iron_ingot":60,"minecraft:iron_pickaxe":3,"minecraft:wooden_axe":1,"minecraft:iron_leggings":1,"minecraft:black_bed":1},"minecraft:killed":{"minecraft:witch":1,"minecraft:spider":7,"minecraft:skeleton":10,"minecraft:chicken":3,"minecraft:axolotl":1,"minecraft:tropical_fish":1,"minecraft:pig":7,"minecraft:zombie_villager":1,"minecraft:salmon":1,"minecraft:sheep":7,"minecraft:zombie":29,"minecraft:cow":2},"minecraft:picked_up":{"minecraft:crafting_table":8,"minecraft:charcoal":6,"minecraft:iron_chestplate":3,"minecraft:chicken":3,"minecraft:clay_ball":142,"minecraft:brown_mushroom":1,"minecraft:wooden_pickaxe":2,"minecraft:shield":2,"minecraft:moss_carpet":15,"minecraft:iron_axe":1,"minecraft:string":10,"minecraft:cooked_salmon":1,"minecraft:iron_leggings":2,"minecraft:cobbled_deepslate":128,"minecraft:spruce_planks":372,"minecraft:beef":15,"minecraft:azalea":6,"minecraft:iron_nugget":12,"minecraft:iron_pickaxe":1,"minecraft:chest":1,"minecraft:iron_boots":1,"minecraft:furnace":6,"minecraft:raw_iron":86,"minecraft:stick":56,"minecraft:big_dripleaf":3,"minecraft:oak_fence":2,"minecraft:torch":2,"minecraft:porkchop":11,"minecraft:diorite":1,"minecraft:redstone":9,"minecraft:arrow":20,"minecraft:rotten_flesh":18,"minecraft:tropical_fish":2,"minecraft:glow_berries":1,"minecraft:mutton":9,"minecraft:white_wool":4,"minecraft:cobblestone":253,"minecraft:feather":4,"minecraft:salmon":1,"minecraft:andesite":2,"minecraft:black_bed":2,"minecraft:brown_wool":2,"minecraft:flint":8,"minecraft:tuff":15,"minecraft:blue_bed":1,"minecraft:dirt":74,"minecraft:paper":12,"minecraft:cooked_mutton":6,"minecraft:bone":13,"minecraft:wheat_seeds":9,"minecraft:raw_gold":6,"minecraft:spore_blossom":1,"minecraft:iron_ingot":11,"minecraft:stone_pickaxe":1,"minecraft:cooked_chicken":2,"minecraft:moss_block":33,"minecraft:oak_planks":3,"minecraft:flowering_azalea":3,"minecraft:cooked_porkchop":1,"minecraft:sweet_berries":11,"minecraft:axolotl_bucket":1,"minecraft:spruce_sapling":36,"minecraft:ink_sac":1,"minecraft:spruce_log":182,"minecraft:spider_eye":2,"minecraft:mossy_cobblestone":8,"minecraft:diamond":19,"minecraft:stone_axe":2,"minecraft:iron_helmet":3,"minecraft:granite":9,"minecraft:emerald":2,"minecraft:bread":34,"minecraft:coal":64,"minecraft:black_wool":1}},"DataVersion":3465}