{"stats":{"minecraft:broken":{"minecraft:stone_axe":1},"minecraft:used":{"minecraft:diorite":1,"minecraft:stone_pickaxe":76,"minecraft:spruce_planks":26,"minecraft:wooden_pickaxe":20,"minecraft:iron_chestplate":1,"minecraft:mossy_cobblestone":4,"minecraft:dirt":14,"minecraft:crafting_table":6,"minecraft:wooden_axe":50,"minecraft:iron_helmet":1,"minecraft:stone_axe":94,"minecraft:sweet_berries":4,"minecraft:porkchop":1,"minecraft:furnace":2,"minecraft:cooked_porkchop":6},"minecraft:mined":{"minecraft:mossy_cobblestone":7,"minecraft:clay":1,"minecraft:crafting_table":3,"minecraft:glow_lichen":1,"minecraft:spruce_fence":1,"minecraft:grass_block":7,"minecraft:spruce_leaves":19,"minecraft:diorite":1,"minecraft:blue_bed":1,"minecraft:large_fern":1,"minecraft:furnace":2,"minecraft:fire":5,"minecraft:sweet_berry_bush":5,"minecraft:spruce_log":58,"minecraft:coal_ore":28,"minecraft:dirt":11,"minecraft:stone":49,"minecraft:oak_leaves":2,"minecraft:fern":2},"minecraft:dropped":{"minecraft:sweet_berries":4,"minecraft:cooked_porkchop":3,"minecraft:cobblestone":34,"minecraft:clay_ball":4,"minecraft:andesite":1},"minecraft:custom":{"minecraft:interact_with_furnace":13,"minecraft:mob_kills":19,"minecraft:interact_with_cartography_table":1,"minecraft:interact_with_crafting_table":10,"minecraft:interact_with_grindstone":1,"minecraft:interact_with_stonecutter":1,"minecraft:time_since_death":30000,"minecraft:sleep_in_bed":1,"minecraft:climb_one_cm":790,"minecraft:time_since_rest":5296,"minecraft:sprint_one_cm":100582,"minecraft:damage_taken":410,"minecraft:walk_one_cm":90180,"minecraft:drop":8,"minecraft:damage_dealt":2362,"minecraft:swim_one_cm":8496,"minecraft:talked_to_villager":12,"minecraft:fly_one_cm":104334,"minecraft:open_chest":7,"minecraft:crouch_one_cm":167,"minecraft:play_time":30000,"minecraft:sneak_time":174,"minecraft:walk_under_water_one_cm":3705,"minecraft:jump":614,"minecraft:interact_with_blast_furnace":1,"minecraft:walk_on_water_one_cm":4320,"minecraft:total_world_time":30000,"minecraft:fall_one_cm":14145},"minecraft:crafted":{"minecraft:cooked_porkchop":10,"minecraft:crafting_table":3,"minecraft:spruce_planks":136,"minecraft:wooden_pickaxe":1,"minecraft:furnace":1,"minecraft:stone_axe":2,"minecraft:cooked_mutton":3,"minecraft:air":0,"minecraft:stick":8,"minecraft:stone_pickaxe":1,"minecraft:wooden_axe":1},"minecraft:killed":{"minecraft:pig":7,"minecraft:salmon":1,"minecraft:spider":2,"minecraft:sheep":2,"minecraft:zombie":3,"minecraft:chicken":2,"minecraft:cow":2},"minecraft:picked_up":{"minecraft:crafting_table":3,"minecraft:feather":2,"minecraft:chicken":2,"minecraft:clay_ball":4,"minecraft:andesite":2,"minecraft:salmon":1,"minecraft:brown_wool":1,"minecraft:dirt":43,"minecraft:string":2,"minecraft:blue_bed":1,"minecraft:wheat_seeds":1,"minecraft:beef":5,"minecraft:furnace":2,"minecraft:stick":5,"minecraft:sweet_berries":8,"minecraft:porkchop":11,"minecraft:spruce_sapling":10,"minecraft:ink_sac":1,"minecraft:diorite":1,"minecraft:spruce_log":59,"minecraft:spider_eye":1,"minecraft:mossy_cobblestone":6,"minecraft:black_wool":1,"minecraft:mutton":3,"minecraft:coal":28,"minecraft:cobblestone":108}},"DataVersion":3465}