{"stats":{"minecraft:broken":{"minecraft:stone_pickaxe":1,"minecraft:stone_axe":2,"minecraft:wooden_axe":1},"minecraft:used":{"minecraft:moss_block":1,"minecraft:moss_carpet":1,"minecraft:chest":1,"minecraft:spruce_planks":118,"minecraft:shield":12,"minecraft:cooked_salmon":1,"minecraft:cooked_chicken":2,"minecraft:iron_chestplate":2,"minecraft:dirt":43,"minecraft:granite":1,"minecraft:wooden_axe":51,"minecraft:iron_axe":77,"minecraft:iron_helmet":1,"minecraft:sweet_berries":4,"minecraft:furnace":5,"minecraft:cooked_beef":1,"minecraft:cobbled_deepslate":35,"minecraft:cooked_mutton":3,"minecraft:water_bucket":1,"minecraft:diorite":1,"minecraft:stone_pickaxe":130,"minecraft:wooden_pickaxe":23,"minecraft:mossy_cobblestone":6,"minecraft:crafting_table":9,"minecraft:black_bed":1,"minecraft:bread":9,"minecraft:iron_pickaxe":165,"minecraft:map":1,"minecraft:spore_blossom":1,"minecraft:stone_axe":170,"minecraft:cobblestone":89,"minecraft:cooked_porkchop":7,"minecraft:porkchop":1,"minecraft:andesite":1,"minecraft:bucket":2},"minecraft:dropped":{"minecraft:wheat_seeds":5,"minecraft:mossy_cobblestone":2,"minecraft:cooked_porkchop":3,"minecraft:cobblestone":34,"minecraft:feather":2,"minecraft:glow_berries":1,"minecraft:brown_wool":1,"minecraft:string":2,"minecraft:sweet_berries":4,"minecraft:rotten_flesh":6,"minecraft:clay_ball":8,"minecraft:cooked_mutton":3,"minecraft:filled_map":1,"minecraft:andesite":1,"minecraft:azalea":1,"minecraft:spider_eye":2,"minecraft:wooden_pickaxe":1,"minecraft:black_wool":1},"minecraft:mined":{"minecraft:tuff":1,"minecraft:spruce_planks":1,"minecraft:mossy_cobblestone":7,"minecraft:deepslate_diamond_ore":13,"minecraft:glow_lichen":1,"minecraft:granite":1,"minecraft:grass_block":7,"minecraft:spruce_fence":1,"minecraft:spruce_leaves":24,"minecraft:moss_block":2,"minecraft:large_fern":2,"minecraft:spore_blossom":2,"minecraft:furnace":4,"minecraft:iron_ore":59,"minecraft:fire":5,"minecraft:moss_carpet":1,"minecraft:cave_vines":2,"minecraft:deepslate_iron_ore":7,"minecraft:azalea":1,"minecraft:stone":81,"minecraft:deepslate_redstone_ore":2,"minecraft:clay":9,"minecraft:crafting_table":5,"minecraft:campfire":1,"minecraft:tall_grass":6,"minecraft:deepslate_gold_ore":2,"minecraft:diorite":1,"minecraft:blue_bed":1,"minecraft:sweet_berry_bush":5,"minecraft:spruce_log":58,"minecraft:grass":2,"minecraft:coal_ore":28,"minecraft:dirt":11,"minecraft:small_dripleaf":2,"minecraft:gold_ore":2,"minecraft:oak_leaves":2,"minecraft:deepslate":88,"minecraft:fern":2},"minecraft:custom":{"minecraft:mob_kills":50,"minecraft:interact_with_crafting_table":22,"minecraft:time_since_death":28132,"minecraft:climb_one_cm":2236,"minecraft:sprint_one_cm":252754,"minecraft:walk_one_cm":238490,"minecraft:damage_blocked_by_shield":345,"minecraft:drop":33,"minecraft:talked_to_villager":12,"minecraft:play_time":90000,"minecraft:deaths":2,"minecraft:sneak_time":3913,"minecraft:walk_under_water_one_cm":16333,"minecraft:jump":1980,"minecraft:interact_with_blast_furnace":3,"minecraft:walk_on_water_one_cm":23876,"minecraft:total_world_time":90000,"minecraft:interact_with_furnace":41,"minecraft:interact_with_cartography_table":1,"minecraft:interact_with_stonecutter":1,"minecraft:interact_with_grindstone":1,"minecraft:sleep_in_bed":2,"minecraft:time_since_rest":28195,"minecraft:damage_taken":1853,"minecraft:damage_dealt":9389,"minecraft:swim_one_cm":70669,"minecraft:fly_one_cm":278453,"minecraft:open_chest":24,"minecraft:crouch_one_cm":13570,"minecraft:fall_one_cm":55846},"minecraft:crafted":{"minecraft:black_dye":1,"minecraft:cooked_chicken":2,"minecraft:furnace":1,"minecraft:cooked_mutton":3,"minecraft:iron_boots":1,"minecraft:iron_axe":1,"minecraft:stone_pickaxe":1,"minecraft:chest":1,"minecraft:cooked_beef":5,"minecraft:cooked_porkchop":10,"minecraft:crafting_table":5,"minecraft:spruce_planks":268,"minecraft:wooden_pickaxe":1,"minecraft:cooked_salmon":1,"minecraft:bucket":1,"minecraft:stone_axe":2,"minecraft:air":0,"minecraft:shield":1,"minecraft:stick":36,"minecraft:iron_ingot":41,"minecraft:iron_pickaxe":1,"minecraft:wooden_axe":1,"minecraft:iron_leggings":1,"minecraft:black_bed":1},"minecraft:killed":{"minecraft:spider":5,"minecraft:skeleton":7,"minecraft:chicken":2,"minecraft:axolotl":1,"minecraft:pig":7,"minecraft:zombie_villager":1,"minecraft:salmon":1,"minecraft:sheep":2,"minecraft:zombie":20,"minecraft:cow":2},"minecraft:picked_up":{"minecraft:crafting_table":6,"minecraft:charcoal":6,"minecraft:iron_chestplate":2,"minecraft:chicken":2,"minecraft:clay_ball":134,"minecraft:wooden_pickaxe":2,"minecraft:shield":2,"minecraft:moss_carpet":1,"minecraft:iron_axe":1,"minecraft:string":8,"minecraft:cooked_salmon":1,"minecraft:iron_leggings":1,"minecraft:cobbled_deepslate":88,"minecraft:spruce_planks":368,"minecraft:beef":15,"minecraft:azalea":3,"minecraft:iron_nugget":8,"minecraft:iron_pickaxe":1,"minecraft:iron_boots":1,"minecraft:furnace":5,"minecraft:raw_iron":82,"minecraft:stick":19,"minecraft:big_dripleaf":2,"minecraft:porkchop":11,"minecraft:diorite":1,"minecraft:redstone":9,"minecraft:arrow":16,"minecraft:rotten_flesh":16,"minecraft:glow_berries":1,"minecraft:mutton":3,"minecraft:cobblestone":208,"minecraft:feather":2,"minecraft:salmon":1,"minecraft:andesite":2,"minecraft:black_bed":1,"minecraft:brown_wool":1,"minecraft:flint":4,"minecraft:tuff":1,"minecraft:blue_bed":1,"minecraft:dirt":68,"minecraft:paper":6,"minecraft:cooked_mutton":6,"minecraft:bone":10,"minecraft:wheat_seeds":5,"minecraft:raw_gold":6,"minecraft:spore_blossom":1,"minecraft:iron_ingot":10,"minecraft:stone_pickaxe":1,"minecraft:cooked_chicken":2,"minecraft:moss_block":2,"minecraft:cooked_porkchop":1,"minecraft:sweet_berries":8,"minecraft:axolotl_bucket":1,"minecraft:spruce_sapling":30,"minecraft:ink_sac":1,"minecraft:spruce_log":59,"minecraft:spider_eye":2,"minecraft:mossy_cobblestone":8,"minecraft:diamond":12,"minecraft:stone_axe":2,"minecraft:iron_helmet":2,"minecraft:granite":1,"minecraft:emerald":2,"minecraft:bread":34,"minecraft:coal":52,"minecraft:black_wool":1}},"DataVersion":3465}