{"stats":{"minecraft:used":{"minecraft:wooden_axe":50,"minecraft:diorite":1,"minecraft:stone_pickaxe":74,"minecraft:spruce_planks":26,"minecraft:wooden_pickaxe":20,"minecraft:stone_axe":52,"minecraft:mossy_cobblestone":1,"minecraft:dirt":1,"minecraft:crafting_table":4,"minecraft:cooked_porkchop":4,"minecraft:furnace":1,"minecraft:porkchop":1},"minecraft:dropped":{"minecraft:andesite":1,"minecraft:cobblestone":34},"minecraft:mined":{"minecraft:large_fern":1,"minecraft:furnace":1,"minecraft:mossy_cobblestone":7,"minecraft:sweet_berry_bush":2,"minecraft:spruce_log":58,"minecraft:clay":1,"minecraft:crafting_table":2,"minecraft:grass_block":3,"minecraft:coal_ore":28,"minecraft:dirt":11,"minecraft:spruce_leaves":19,"minecraft:stone":49,"minecraft:diorite":1,"minecraft:fern":1},"minecraft:custom":{"minecraft:time_since_rest":18000,"minecraft:interact_with_furnace":4,"minecraft:sprint_one_cm":45224,"minecraft:damage_taken":265,"minecraft:walk_one_cm":50927,"minecraft:mob_kills":11,"minecraft:drop":2,"minecraft:damage_dealt":1381,"minecraft:swim_one_cm":7549,"minecraft:interact_with_crafting_table":6,"minecraft:fly_one_cm":62224,"minecraft:crouch_one_cm":104,"minecraft:play_time":18000,"minecraft:sneak_time":111,"minecraft:walk_under_water_one_cm":3653,"minecraft:jump":373,"minecraft:time_since_death":18000,"minecraft:walk_on_water_one_cm":4041,"minecraft:total_world_time":18000,"minecraft:fall_one_cm":8714},"minecraft:crafted":{"minecraft:cooked_porkchop":7,"minecraft:crafting_table":2,"minecraft:spruce_planks":136,"minecraft:stick":8,"minecraft:wooden_pickaxe":1,"minecraft:stone_pickaxe":1,"minecraft:wooden_axe":1,"minecraft:furnace":1,"minecraft:stone_axe":1,"minecraft:air":0},"minecraft:killed":{"minecraft:sheep":1,"minecraft:zombie":1,"minecraft:pig":4,"minecraft:chicken":2,"minecraft:salmon":1,"minecraft:spider":2},"minecraft:picked_up":{"minecraft:chicken":2,"minecraft:stick":5,"minecraft:crafting_table":2,"minecraft:feather":2,"minecraft:clay_ball":4,"minecraft:sweet_berries":5,"minecraft:salmon":1,"minecraft:andesite":2,"minecraft:brown_wool":1,"minecraft:porkchop":8,"minecraft:spruce_sapling":10,"minecraft:ink_sac":1,"minecraft:diorite":1,"minecraft:spruce_log":59,"minecraft:string":2,"minecraft:spider_eye":1,"minecraft:mossy_cobblestone":6,"minecraft:dirt":39,"minecraft:wheat_seeds":1,"minecraft:mutton":1,"minecraft:coal":28,"minecraft:cobblestone":49,"minecraft:furnace":1}},"DataVersion":3465}